	# Species	Genes	Alg.-Conn.	brandtii.genes.fasta	fortis.genes.fasta	glareolus.genes.fasta	gregalis.genes.fasta	lemminus2.genes.fasta	macrotis.genes.fasta	mandarinus.genes.fasta	nivalis.genes.fasta	ochrogaster.genes.fasta	pennsylvanicus.genes.fasta	raddei.genes.fasta	rufocanus.genes.fasta	rutilus2.genes.fasta	tuvinicus.genes.fasta
2921	14	14	0.523	TRINITY_DN5388_c0_g1_i2.p1	TRINITY_DN1328_c0_g1_i1.p1	TRINITY_DN8415_c0_g1_i2.p1	TRINITY_DN3568_c0_g3_i1.p1	TRINITY_DN13995_c0_g1_i1.p1	TRINITY_DN12476_c1_g1_i1.p1	TRINITY_DN5464_c0_g1_i2.p1	TRINITY_DN16439_c1_g1_i1.p1	XP_005365546.1	TRINITY_DN6560_c0_g1_i1.p1	TRINITY_DN7213_c0_g1_i1.p1	TRINITY_DN96757_c0_g1_i1.p1	TRINITY_DN9950_c0_g1_i3.p1	TRINITY_DN11305_c0_g1_i2.p1
2922	14	14	0.516	TRINITY_DN1242_c0_g1_i23.p1	TRINITY_DN3746_c0_g1_i10.p1	TRINITY_DN2495_c0_g1_i3.p1	TRINITY_DN2119_c0_g1_i2.p1	TRINITY_DN2105_c0_g1_i3.p1	TRINITY_DN928_c0_g1_i2.p1	TRINITY_DN1597_c2_g1_i8.p1	TRINITY_DN1008_c0_g1_i1.p1	XP_005362054.1	TRINITY_DN8853_c0_g1_i9.p1	TRINITY_DN1316_c0_g1_i2.p1	TRINITY_DN2156_c0_g1_i2.p1	TRINITY_DN4665_c0_g3_i2.p1	TRINITY_DN2498_c0_g1_i2.p1
2923	14	14	0.515	TRINITY_DN1066_c6_g1_i1.p1	TRINITY_DN5_c0_g6_i1.p1	TRINITY_DN276_c2_g1_i2.p1	TRINITY_DN1170_c2_g1_i2.p1	TRINITY_DN854_c2_g1_i1.p1	TRINITY_DN1373_c0_g2_i2.p1	TRINITY_DN191_c5_g1_i2.p1	TRINITY_DN517_c2_g1_i1.p1	XP_005371696.1	TRINITY_DN7189_c0_g3_i1.p1	TRINITY_DN697_c4_g1_i1.p1	TRINITY_DN3676_c2_g1_i1.p1	TRINITY_DN2007_c2_g2_i1.p1	TRINITY_DN1995_c7_g1_i1.p1
2924	14	14	0.513	TRINITY_DN7256_c0_g1_i7.p1	TRINITY_DN3662_c0_g3_i2.p1	TRINITY_DN10739_c0_g1_i3.p1	TRINITY_DN19184_c0_g1_i1.p1	TRINITY_DN20199_c0_g1_i1.p1	TRINITY_DN10903_c1_g3_i1.p1	TRINITY_DN1211_c21_g1_i3.p1	TRINITY_DN3541_c0_g1_i1.p1	XP_005358460.1	TRINITY_DN3233_c0_g7_i1.p1	TRINITY_DN16851_c0_g1_i1.p1	TRINITY_DN80875_c0_g1_i1.p1	TRINITY_DN22122_c0_g1_i1.p1	TRINITY_DN4208_c0_g1_i1.p1
2925	14	14	0.512	TRINITY_DN2545_c2_g1_i1.p1	TRINITY_DN26542_c0_g1_i1.p1	TRINITY_DN3504_c1_g1_i3.p1	TRINITY_DN1733_c0_g1_i1.p1	TRINITY_DN2066_c1_g1_i1.p1	TRINITY_DN45526_c0_g1_i1.p1	TRINITY_DN1510_c5_g1_i1.p1	TRINITY_DN562_c0_g4_i1.p1	XP_005366515.1	TRINITY_DN2627_c1_g2_i1.p1	TRINITY_DN3623_c1_g2_i1.p1	TRINITY_DN2884_c0_g1_i2.p1	TRINITY_DN6836_c0_g1_i1.p1	TRINITY_DN1456_c0_g2_i1.p1
2926	14	14	0.507	TRINITY_DN11297_c0_g1_i3.p1	TRINITY_DN54557_c0_g1_i1.p1	TRINITY_DN76663_c0_g1_i1.p1	TRINITY_DN4143_c0_g1_i1.p1	TRINITY_DN13271_c0_g2_i1.p1	TRINITY_DN76577_c0_g1_i1.p1	TRINITY_DN6742_c0_g1_i3.p1	TRINITY_DN7883_c0_g1_i1.p1	XP_026643801.1	TRINITY_DN9107_c0_g1_i1.p1	TRINITY_DN19557_c0_g1_i1.p1	TRINITY_DN6725_c0_g1_i1.p1	TRINITY_DN2624_c0_g1_i2.p1	TRINITY_DN6627_c0_g1_i1.p1
2927	14	14	0.504	TRINITY_DN10297_c0_g1_i4.p1	TRINITY_DN18193_c0_g2_i1.p1	TRINITY_DN5628_c0_g1_i8.p1	TRINITY_DN18811_c0_g1_i1.p1	TRINITY_DN1920_c0_g1_i2.p1	TRINITY_DN2965_c0_g2_i1.p1	TRINITY_DN7871_c0_g1_i3.p1	TRINITY_DN227_c1_g3_i1.p1	XP_005353120.1	TRINITY_DN7648_c0_g1_i1.p1	TRINITY_DN18920_c0_g1_i1.p1	TRINITY_DN2671_c0_g1_i3.p1	TRINITY_DN3725_c0_g1_i1.p1	TRINITY_DN6441_c0_g1_i1.p1
2928	14	14	0.504	TRINITY_DN43533_c0_g1_i2.p1	TRINITY_DN724_c5_g2_i1.p1	TRINITY_DN33074_c1_g1_i1.p1	TRINITY_DN1433_c1_g2_i3.p2	TRINITY_DN1193_c3_g1_i1.p1	TRINITY_DN989_c1_g4_i1.p1	TRINITY_DN5355_c2_g1_i5.p1	TRINITY_DN1724_c1_g1_i1.p1	XP_005358816.1	TRINITY_DN23296_c0_g1_i1.p1	TRINITY_DN1468_c4_g1_i1.p1	TRINITY_DN22391_c0_g1_i5.p1	TRINITY_DN20789_c0_g1_i1.p1	TRINITY_DN1214_c3_g1_i1.p1
2929	14	14	0.502	TRINITY_DN103548_c0_g1_i1.p1	TRINITY_DN35795_c0_g2_i1.p1	TRINITY_DN141849_c0_g1_i2.p1	TRINITY_DN7826_c0_g1_i1.p1	TRINITY_DN5629_c0_g1_i1.p1	TRINITY_DN489_c0_g2_i2.p1	TRINITY_DN4895_c0_g1_i1.p1	TRINITY_DN22835_c0_g1_i1.p1	XP_005351458.1	TRINITY_DN4412_c0_g1_i3.p1	TRINITY_DN5063_c1_g3_i1.p1	TRINITY_DN5110_c0_g1_i4.p1	TRINITY_DN7238_c0_g1_i1.p1	TRINITY_DN1360_c0_g1_i1.p1
2930	14	14	0.5	TRINITY_DN4150_c0_g1_i1.p1	TRINITY_DN17704_c0_g3_i1.p1	TRINITY_DN12505_c0_g2_i1.p1	TRINITY_DN2375_c0_g1_i1.p1	TRINITY_DN7611_c0_g1_i2.p1	TRINITY_DN17295_c0_g1_i1.p1	TRINITY_DN6594_c0_g1_i1.p1	TRINITY_DN19325_c0_g1_i1.p1	XP_005345734.1	TRINITY_DN3663_c0_g2_i8.p1	TRINITY_DN6918_c0_g1_i1.p1	TRINITY_DN7358_c0_g1_i7.p1	TRINITY_DN6456_c0_g1_i8.p1	TRINITY_DN2572_c0_g1_i1.p1
2931	14	14	0.5	TRINITY_DN95_c2_g1_i1.p1	TRINITY_DN1140_c0_g1_i2.p1	TRINITY_DN2972_c0_g1_i5.p1	TRINITY_DN5334_c1_g1_i1.p1	TRINITY_DN4140_c0_g1_i3.p1	TRINITY_DN5984_c0_g1_i2.p1	TRINITY_DN133_c11_g2_i2.p1	TRINITY_DN1833_c0_g1_i2.p1	XP_005351725.1	TRINITY_DN862_c0_g1_i3.p1	TRINITY_DN4048_c0_g1_i2.p1	TRINITY_DN5951_c0_g1_i3.p1	TRINITY_DN10166_c0_g1_i2.p1	TRINITY_DN22322_c0_g1_i1.p1
2932	14	14	0.499	TRINITY_DN10130_c0_g1_i4.p1	TRINITY_DN14771_c0_g1_i2.p1	TRINITY_DN88017_c0_g1_i1.p1	TRINITY_DN875_c0_g1_i1.p1	TRINITY_DN47407_c0_g1_i1.p1	TRINITY_DN71256_c0_g1_i1.p1	TRINITY_DN4834_c1_g1_i7.p1	TRINITY_DN3815_c0_g1_i1.p1	XP_013206071.1	TRINITY_DN53314_c0_g1_i1.p1	TRINITY_DN12625_c0_g1_i1.p1	TRINITY_DN95285_c0_g1_i1.p1	TRINITY_DN153832_c0_g1_i1.p1	TRINITY_DN22165_c0_g1_i1.p1
2933	14	14	0.499	TRINITY_DN45486_c0_g1_i1.p1	TRINITY_DN4889_c0_g2_i2.p1	TRINITY_DN19235_c5_g1_i1.p1	TRINITY_DN5529_c2_g1_i1.p1	TRINITY_DN2100_c2_g1_i1.p1	TRINITY_DN9843_c0_g1_i4.p1	TRINITY_DN2266_c0_g1_i2.p1	TRINITY_DN7959_c0_g1_i1.p1	XP_005367868.1	TRINITY_DN3837_c0_g2_i1.p1	TRINITY_DN10594_c0_g1_i1.p1	TRINITY_DN2350_c0_g1_i1.p1	TRINITY_DN1615_c0_g1_i20.p1	TRINITY_DN218_c0_g1_i3.p1
2934	14	14	0.495	TRINITY_DN1425_c0_g4_i1.p1	TRINITY_DN59813_c0_g1_i1.p1	TRINITY_DN6854_c3_g2_i2.p1	TRINITY_DN20689_c0_g1_i1.p1	TRINITY_DN3586_c0_g1_i1.p1	TRINITY_DN1139_c3_g1_i3.p1	TRINITY_DN937_c2_g1_i5.p1	TRINITY_DN7424_c0_g1_i1.p1	XP_005356937.1	TRINITY_DN12030_c0_g1_i2.p1	TRINITY_DN10832_c0_g1_i1.p1	TRINITY_DN5823_c0_g1_i3.p1	TRINITY_DN6044_c1_g1_i3.p1	TRINITY_DN7968_c0_g1_i1.p1
2935	14	14	0.495	TRINITY_DN370_c3_g2_i2.p1	TRINITY_DN1176_c1_g1_i1.p1	TRINITY_DN6056_c0_g1_i1.p1	TRINITY_DN2659_c0_g1_i1.p1	TRINITY_DN3065_c0_g1_i1.p1	TRINITY_DN897_c0_g3_i1.p1	TRINITY_DN8287_c0_g1_i4.p1	TRINITY_DN4813_c0_g1_i1.p1	XP_005351191.1	TRINITY_DN854_c0_g2_i2.p1	TRINITY_DN1934_c0_g1_i1.p1	TRINITY_DN1661_c0_g1_i2.p1	TRINITY_DN17816_c0_g1_i1.p1	TRINITY_DN2901_c0_g1_i1.p1
2936	14	14	0.494	TRINITY_DN8016_c0_g1_i1.p1	TRINITY_DN11104_c0_g1_i3.p1	TRINITY_DN102647_c0_g1_i1.p1	TRINITY_DN8892_c0_g1_i1.p1	TRINITY_DN11597_c0_g1_i2.p1	TRINITY_DN6947_c1_g1_i1.p1	TRINITY_DN10174_c0_g1_i7.p1	TRINITY_DN8837_c0_g1_i1.p1	XP_005351804.2	TRINITY_DN2734_c0_g1_i1.p1	TRINITY_DN2130_c0_g1_i1.p1	TRINITY_DN87297_c0_g1_i1.p1	TRINITY_DN117508_c0_g1_i1.p1	TRINITY_DN5108_c0_g1_i1.p1
2937	14	14	0.493	TRINITY_DN369_c2_g1_i3.p1	TRINITY_DN5953_c0_g1_i2.p1	TRINITY_DN126784_c0_g1_i3.p1	TRINITY_DN10938_c0_g1_i1.p1	TRINITY_DN6862_c0_g1_i3.p1	TRINITY_DN9591_c0_g1_i1.p1	TRINITY_DN5475_c1_g1_i2.p1	TRINITY_DN6149_c0_g3_i1.p1	XP_005360339.1	TRINITY_DN2866_c0_g1_i1.p1	TRINITY_DN12522_c0_g1_i1.p1	TRINITY_DN13483_c0_g1_i2.p1	TRINITY_DN647_c0_g1_i1.p1	TRINITY_DN6315_c0_g3_i1.p1
2938	14	14	0.492	TRINITY_DN6779_c0_g1_i3.p1	TRINITY_DN2558_c0_g1_i1.p1	TRINITY_DN1663_c0_g1_i2.p1	TRINITY_DN351_c1_g1_i8.p1	TRINITY_DN6860_c0_g1_i1.p1	TRINITY_DN2675_c0_g2_i2.p1	TRINITY_DN6094_c0_g1_i8.p1	TRINITY_DN5577_c1_g1_i1.p1	XP_005353083.1	TRINITY_DN5713_c0_g1_i4.p1	TRINITY_DN22013_c0_g1_i1.p1	TRINITY_DN3778_c0_g1_i4.p1	TRINITY_DN4842_c0_g1_i1.p1	TRINITY_DN3335_c0_g1_i1.p1
2939	14	14	0.491	TRINITY_DN1040_c0_g1_i3.p1	TRINITY_DN204_c0_g1_i1.p1	TRINITY_DN668_c0_g1_i3.p1	TRINITY_DN6258_c0_g2_i1.p1	TRINITY_DN2734_c0_g1_i3.p1	TRINITY_DN2904_c0_g1_i3.p1	TRINITY_DN53_c0_g1_i1.p1	TRINITY_DN3440_c1_g1_i1.p1	XP_005366078.1	TRINITY_DN9075_c0_g1_i2.p1	TRINITY_DN5510_c0_g1_i1.p1	TRINITY_DN17755_c0_g1_i5.p1	TRINITY_DN1300_c0_g1_i7.p1	TRINITY_DN847_c0_g1_i3.p1
2940	14	14	0.49	TRINITY_DN13004_c0_g1_i1.p1	TRINITY_DN8245_c0_g1_i4.p1	TRINITY_DN247_c0_g1_i1.p1	TRINITY_DN4561_c0_g1_i1.p1	TRINITY_DN8517_c0_g1_i1.p1	TRINITY_DN31986_c0_g1_i2.p1	TRINITY_DN11962_c2_g1_i3.p1	TRINITY_DN11544_c2_g2_i4.p1	XP_005349478.1	TRINITY_DN24402_c0_g1_i1.p1	TRINITY_DN3764_c0_g1_i1.p1	TRINITY_DN87146_c0_g1_i5.p1	TRINITY_DN116624_c0_g1_i1.p1	TRINITY_DN9183_c0_g1_i1.p1
2941	14	14	0.49	TRINITY_DN16349_c0_g1_i2.p1	TRINITY_DN294_c0_g2_i1.p1	TRINITY_DN12693_c0_g1_i1.p1	TRINITY_DN12371_c0_g1_i1.p1	TRINITY_DN36083_c0_g1_i1.p1	TRINITY_DN7182_c0_g1_i1.p1	TRINITY_DN8183_c0_g3_i2.p1	TRINITY_DN8413_c0_g1_i2.p1	XP_005360197.1	TRINITY_DN11539_c0_g1_i1.p1	TRINITY_DN20832_c0_g1_i1.p1	TRINITY_DN8654_c0_g1_i1.p1	TRINITY_DN116302_c0_g1_i1.p1	TRINITY_DN23351_c0_g1_i1.p1
2942	14	14	0.489	TRINITY_DN109_c9_g1_i3.p1	TRINITY_DN20252_c0_g1_i1.p1	TRINITY_DN1056_c0_g1_i1.p1	TRINITY_DN3814_c0_g1_i1.p1	TRINITY_DN42600_c0_g1_i1.p1	TRINITY_DN8526_c0_g1_i3.p1	TRINITY_DN17373_c0_g1_i3.p1	TRINITY_DN30648_c0_g1_i1.p1	XP_005368992.1	TRINITY_DN7544_c0_g2_i1.p1	TRINITY_DN8448_c0_g1_i1.p1	TRINITY_DN2341_c0_g2_i1.p1	TRINITY_DN3966_c0_g2_i2.p1	TRINITY_DN20580_c0_g1_i1.p1
2943	14	14	0.489	TRINITY_DN3892_c0_g1_i33.p1	TRINITY_DN1759_c0_g1_i3.p1	TRINITY_DN4315_c0_g1_i3.p1	TRINITY_DN17422_c0_g1_i1.p1	TRINITY_DN4092_c0_g1_i25.p1	TRINITY_DN2898_c0_g1_i16.p1	TRINITY_DN3201_c0_g1_i161.p2	TRINITY_DN4777_c0_g1_i2.p1	XP_005354170.1	TRINITY_DN8062_c0_g1_i1.p1	TRINITY_DN9358_c0_g1_i1.p1	TRINITY_DN25814_c0_g1_i4.p1	TRINITY_DN4522_c0_g1_i3.p1	TRINITY_DN5464_c0_g1_i1.p1
2944	14	14	0.489	TRINITY_DN420_c3_g1_i2.p1	TRINITY_DN7669_c4_g1_i1.p1	TRINITY_DN10236_c4_g2_i1.p1	TRINITY_DN10565_c2_g1_i1.p1	TRINITY_DN1751_c5_g1_i1.p1	TRINITY_DN494_c0_g2_i1.p1	TRINITY_DN527_c6_g1_i2.p1	TRINITY_DN251_c5_g1_i1.p1	XP_005371023.1	TRINITY_DN5827_c0_g6_i1.p1	TRINITY_DN144_c3_g1_i1.p1	TRINITY_DN410_c1_g1_i1.p1	TRINITY_DN635_c2_g1_i2.p1	TRINITY_DN8211_c5_g1_i1.p1
2945	14	14	0.489	TRINITY_DN4482_c0_g3_i3.p1	TRINITY_DN18292_c0_g2_i1.p1	TRINITY_DN3838_c0_g2_i1.p1	TRINITY_DN7384_c0_g1_i1.p1	TRINITY_DN36997_c0_g1_i1.p1	TRINITY_DN8755_c0_g5_i1.p1	TRINITY_DN3908_c0_g1_i3.p1	TRINITY_DN6308_c0_g1_i1.p1	XP_005348096.1	TRINITY_DN4676_c0_g2_i1.p1	TRINITY_DN16866_c0_g1_i3.p1	TRINITY_DN80209_c0_g1_i1.p1	TRINITY_DN5238_c0_g1_i1.p1	TRINITY_DN19872_c0_g1_i1.p1
2946	14	14	0.488	TRINITY_DN2429_c0_g1_i4.p1	TRINITY_DN32860_c0_g1_i1.p1	TRINITY_DN89528_c0_g1_i1.p1	TRINITY_DN17351_c0_g1_i1.p1	TRINITY_DN8839_c0_g1_i1.p1	TRINITY_DN6550_c0_g1_i1.p1	TRINITY_DN2629_c0_g1_i1.p1	TRINITY_DN7755_c0_g4_i1.p1	XP_005360166.1	TRINITY_DN357_c0_g1_i1.p1	TRINITY_DN5595_c0_g1_i1.p1	TRINITY_DN56779_c0_g1_i2.p1	TRINITY_DN1230_c0_g1_i1.p1	TRINITY_DN20196_c0_g1_i1.p1
2947	14	14	0.488	TRINITY_DN3160_c0_g1_i2.p1	TRINITY_DN46286_c0_g1_i1.p1	TRINITY_DN19138_c0_g1_i2.p1	TRINITY_DN7756_c0_g1_i1.p1	TRINITY_DN4195_c0_g1_i2.p1	TRINITY_DN9632_c0_g1_i1.p1	TRINITY_DN3461_c0_g1_i5.p1	TRINITY_DN6886_c0_g1_i1.p1	XP_005353297.2	TRINITY_DN17030_c0_g1_i1.p1	TRINITY_DN16073_c0_g1_i1.p1	TRINITY_DN7833_c0_g1_i2.p1	TRINITY_DN134645_c0_g1_i1.p1	TRINITY_DN19991_c0_g1_i1.p1
2948	14	14	0.488	TRINITY_DN5953_c0_g1_i3.p1	TRINITY_DN39610_c0_g1_i1.p1	TRINITY_DN90598_c0_g1_i1.p1	TRINITY_DN17498_c0_g1_i1.p1	TRINITY_DN16823_c0_g1_i1.p1	TRINITY_DN69288_c0_g1_i1.p1	TRINITY_DN36095_c0_g1_i1.p1	TRINITY_DN11727_c0_g1_i1.p1	XP_005353171.1	TRINITY_DN3740_c0_g1_i6.p1	TRINITY_DN21063_c0_g1_i1.p1	TRINITY_DN20523_c0_g1_i1.p1	TRINITY_DN13881_c0_g1_i2.p1	TRINITY_DN22401_c0_g1_i1.p1
2949	14	14	0.485	TRINITY_DN2138_c0_g2_i5.p1	TRINITY_DN13452_c0_g1_i2.p1	TRINITY_DN1308_c0_g1_i2.p1	TRINITY_DN7959_c0_g1_i2.p1	TRINITY_DN759_c0_g1_i2.p1	TRINITY_DN15379_c0_g1_i2.p1	TRINITY_DN5204_c0_g1_i12.p1	TRINITY_DN3526_c0_g1_i1.p1	XP_005358217.1	TRINITY_DN1295_c0_g2_i2.p1	TRINITY_DN1974_c0_g1_i2.p1	TRINITY_DN2308_c0_g1_i1.p1	TRINITY_DN1995_c3_g1_i3.p1	TRINITY_DN11579_c0_g1_i1.p1
2950	14	14	0.485	TRINITY_DN98_c6_g1_i1.p1	TRINITY_DN483_c0_g3_i2.p1	TRINITY_DN228_c0_g1_i1.p1	TRINITY_DN120_c0_g1_i1.p1	TRINITY_DN2609_c6_g1_i1.p1	TRINITY_DN50128_c2_g1_i1.p1	TRINITY_DN4926_c0_g2_i1.p1	TRINITY_DN144_c6_g1_i1.p1	XP_005361824.1	TRINITY_DN146_c0_g1_i8.p1	TRINITY_DN26878_c0_g1_i1.p1	TRINITY_DN237_c0_g1_i1.p1	TRINITY_DN1238_c1_g1_i1.p1	TRINITY_DN178_c0_g1_i1.p1
2951	14	14	0.483	TRINITY_DN225295_c0_g1_i1.p1	TRINITY_DN2233_c0_g1_i5.p1	TRINITY_DN4508_c0_g1_i2.p1	TRINITY_DN2847_c0_g1_i1.p1	TRINITY_DN3237_c0_g1_i5.p1	TRINITY_DN17530_c0_g1_i10.p1	TRINITY_DN1908_c0_g1_i5.p1	TRINITY_DN4030_c0_g2_i1.p1	XP_005362175.1	TRINITY_DN1105_c0_g2_i1.p1	TRINITY_DN4830_c0_g1_i1.p1	TRINITY_DN2359_c0_g1_i1.p1	TRINITY_DN6399_c0_g2_i1.p1	TRINITY_DN19845_c0_g1_i1.p1
2952	14	14	0.483	TRINITY_DN4622_c0_g1_i6.p1	TRINITY_DN1126_c0_g1_i1.p1	TRINITY_DN2257_c0_g1_i4.p1	TRINITY_DN2519_c0_g1_i1.p1	TRINITY_DN5970_c0_g1_i4.p1	TRINITY_DN7759_c0_g1_i2.p1	TRINITY_DN6575_c0_g1_i2.p1	TRINITY_DN8808_c0_g1_i1.p1	XP_005349209.1	TRINITY_DN1817_c0_g1_i2.p1	TRINITY_DN5518_c0_g1_i1.p1	TRINITY_DN17845_c0_g1_i13.p1	TRINITY_DN3631_c0_g1_i2.p1	TRINITY_DN5399_c0_g1_i1.p1
2953	14	14	0.482	TRINITY_DN1391_c1_g1_i1.p1	TRINITY_DN30143_c0_g1_i1.p1	TRINITY_DN2823_c0_g1_i2.p1	TRINITY_DN10569_c0_g1_i1.p1	TRINITY_DN3344_c0_g1_i2.p1	TRINITY_DN39544_c0_g1_i1.p1	TRINITY_DN15029_c0_g1_i9.p1	TRINITY_DN11655_c0_g1_i2.p1	XP_005364173.1	TRINITY_DN4056_c0_g1_i2.p1	TRINITY_DN8269_c0_g1_i4.p1	TRINITY_DN3096_c0_g1_i3.p1	TRINITY_DN4570_c0_g1_i7.p1	TRINITY_DN4963_c0_g1_i1.p1
2954	14	14	0.482	TRINITY_DN5269_c1_g1_i2.p1	TRINITY_DN5866_c0_g1_i1.p1	TRINITY_DN27770_c0_g1_i2.p1	TRINITY_DN19198_c0_g1_i1.p1	TRINITY_DN37884_c0_g1_i1.p1	TRINITY_DN77384_c0_g1_i1.p1	TRINITY_DN41058_c0_g1_i1.p1	TRINITY_DN11316_c0_g1_i1.p1	XP_005370184.1	TRINITY_DN11351_c0_g1_i3.p1	TRINITY_DN9648_c0_g1_i1.p1	TRINITY_DN10097_c0_g1_i1.p1	TRINITY_DN28567_c0_g1_i1.p1	TRINITY_DN20077_c0_g1_i2.p1
2955	14	14	0.48	TRINITY_DN223_c2_g1_i2.p1	TRINITY_DN59098_c0_g1_i1.p1	TRINITY_DN126528_c0_g1_i1.p1	TRINITY_DN20457_c0_g1_i1.p1	TRINITY_DN3866_c0_g2_i1.p1	TRINITY_DN76103_c0_g1_i1.p1	TRINITY_DN1981_c3_g1_i1.p1	TRINITY_DN3089_c1_g1_i1.p2	XP_005346009.1	TRINITY_DN896_c0_g1_i1.p1	TRINITY_DN7410_c0_g1_i1.p1	TRINITY_DN12588_c0_g1_i1.p1	TRINITY_DN134174_c0_g1_i1.p1	TRINITY_DN22454_c0_g1_i1.p1
2956	14	14	0.478	TRINITY_DN2801_c0_g2_i2.p1	TRINITY_DN4313_c0_g1_i4.p1	TRINITY_DN3218_c0_g1_i7.p1	TRINITY_DN2346_c3_g1_i1.p1	TRINITY_DN1162_c0_g1_i5.p1	TRINITY_DN2008_c1_g1_i2.p1	TRINITY_DN1222_c0_g1_i3.p1	TRINITY_DN5311_c0_g2_i2.p1	XP_005358406.1	TRINITY_DN7612_c0_g1_i10.p1	TRINITY_DN8064_c0_g2_i4.p1	TRINITY_DN2018_c0_g1_i2.p1	TRINITY_DN4561_c0_g1_i4.p1	TRINITY_DN2999_c0_g1_i1.p1
2957	14	14	0.478	TRINITY_DN4538_c0_g2_i2.p1	TRINITY_DN12922_c0_g1_i2.p1	TRINITY_DN127517_c1_g1_i1.p1	TRINITY_DN19179_c0_g1_i1.p1	TRINITY_DN9564_c0_g1_i2.p1	TRINITY_DN2541_c0_g1_i8.p1	TRINITY_DN3607_c1_g1_i1.p1	TRINITY_DN34781_c0_g1_i1.p1	XP_005357002.1	TRINITY_DN46594_c0_g1_i1.p1	TRINITY_DN10622_c0_g1_i1.p1	TRINITY_DN4952_c0_g1_i1.p1	TRINITY_DN134389_c0_g1_i1.p1	TRINITY_DN20435_c0_g1_i1.p1
2958	14	14	0.478	TRINITY_DN4924_c1_g1_i2.p1	TRINITY_DN11093_c0_g1_i1.p1	TRINITY_DN76092_c0_g1_i1.p1	TRINITY_DN3388_c0_g1_i1.p1	TRINITY_DN45387_c0_g1_i1.p1	TRINITY_DN67631_c0_g1_i1.p1	TRINITY_DN3115_c3_g2_i2.p1	TRINITY_DN34333_c0_g1_i1.p1	XP_005365092.1	TRINITY_DN5581_c0_g1_i1.p1	TRINITY_DN3214_c0_g1_i1.p1	TRINITY_DN4662_c0_g1_i2.p1	TRINITY_DN2976_c1_g1_i1.p1	TRINITY_DN20058_c0_g1_i1.p1
2959	14	14	0.477	TRINITY_DN179_c0_g1_i12.p1	TRINITY_DN2929_c2_g1_i2.p1	TRINITY_DN25715_c0_g1_i5.p1	TRINITY_DN19110_c0_g1_i1.p1	TRINITY_DN11911_c0_g1_i1.p1	TRINITY_DN100_c0_g1_i2.p1	TRINITY_DN36_c9_g2_i1.p1	TRINITY_DN6155_c0_g1_i2.p1	XP_026640346.1	TRINITY_DN6455_c0_g2_i1.p1	TRINITY_DN9599_c0_g1_i1.p1	TRINITY_DN671_c0_g1_i1.p1	TRINITY_DN469_c0_g1_i4.p1	TRINITY_DN1234_c0_g1_i1.p1
2960	14	14	0.477	TRINITY_DN258_c1_g1_i4.p1	TRINITY_DN318_c0_g1_i1.p1	TRINITY_DN139983_c0_g1_i1.p1	TRINITY_DN5303_c0_g1_i2.p1	TRINITY_DN8139_c0_g2_i6.p1	TRINITY_DN5239_c2_g1_i1.p1	TRINITY_DN170_c0_g2_i1.p1	TRINITY_DN30377_c0_g1_i1.p1	XP_005368493.1	TRINITY_DN2164_c0_g1_i3.p1	TRINITY_DN4256_c0_g1_i14.p1	TRINITY_DN2607_c0_g1_i1.p1	TRINITY_DN4511_c0_g1_i1.p1	TRINITY_DN1796_c0_g1_i1.p1
2961	14	14	0.475	TRINITY_DN6868_c0_g1_i1.p1	TRINITY_DN54671_c0_g1_i1.p1	TRINITY_DN1265_c1_g4_i1.p1	TRINITY_DN1037_c0_g2_i1.p1	TRINITY_DN1547_c0_g1_i1.p1	TRINITY_DN835_c3_g1_i1.p1	TRINITY_DN3166_c0_g1_i6.p1	TRINITY_DN30613_c0_g1_i1.p1	XP_005343937.1	TRINITY_DN2098_c0_g1_i1.p1	TRINITY_DN374_c1_g2_i1.p1	TRINITY_DN12409_c0_g1_i1.p1	TRINITY_DN10502_c1_g1_i2.p1	TRINITY_DN22782_c0_g1_i1.p1
2962	14	14	0.474	TRINITY_DN1535_c1_g1_i10.p1	TRINITY_DN41869_c0_g1_i1.p1	TRINITY_DN88303_c0_g1_i1.p1	TRINITY_DN13472_c0_g1_i4.p1	TRINITY_DN3169_c0_g1_i1.p1	TRINITY_DN4142_c0_g1_i3.p1	TRINITY_DN12706_c0_g1_i3.p1	TRINITY_DN14243_c0_g1_i1.p1	XP_005366074.1	TRINITY_DN9099_c0_g1_i3.p1	TRINITY_DN6527_c0_g1_i2.p1	TRINITY_DN5392_c0_g2_i1.p1	TRINITY_DN11830_c0_g1_i2.p1	TRINITY_DN6396_c0_g1_i1.p1
2963	14	14	0.474	TRINITY_DN4103_c0_g1_i3.p1	TRINITY_DN6180_c0_g1_i1.p1	TRINITY_DN113760_c0_g1_i1.p1	TRINITY_DN1129_c0_g1_i1.p1	TRINITY_DN746_c0_g1_i1.p1	TRINITY_DN3962_c0_g1_i2.p1	TRINITY_DN2386_c1_g1_i1.p1	TRINITY_DN9040_c0_g1_i3.p1	XP_005350650.1	TRINITY_DN13800_c0_g1_i1.p1	TRINITY_DN1506_c0_g1_i2.p1	TRINITY_DN7835_c0_g1_i1.p1	TRINITY_DN1705_c0_g1_i5.p1	TRINITY_DN2179_c0_g1_i1.p1
2964	14	14	0.472	TRINITY_DN751_c0_g1_i5.p1	TRINITY_DN59682_c0_g1_i1.p1	TRINITY_DN5919_c0_g1_i3.p1	TRINITY_DN20522_c0_g1_i1.p1	TRINITY_DN4518_c0_g1_i4.p1	TRINITY_DN7894_c0_g1_i1.p1	TRINITY_DN6798_c0_g1_i9.p1	TRINITY_DN5479_c0_g2_i2.p1	XP_005351933.1	TRINITY_DN22754_c0_g1_i1.p1	TRINITY_DN23857_c0_g1_i1.p1	TRINITY_DN3514_c0_g1_i2.p1	TRINITY_DN4450_c0_g1_i2.p1	TRINITY_DN10986_c0_g2_i1.p1
2965	14	14	0.471	TRINITY_DN6218_c0_g1_i9.p2	TRINITY_DN30503_c0_g1_i1.p1	TRINITY_DN769_c1_g2_i1.p1	TRINITY_DN5745_c0_g1_i1.p1	TRINITY_DN4343_c0_g1_i1.p1	TRINITY_DN8726_c0_g1_i1.p1	TRINITY_DN96_c0_g1_i3.p2	TRINITY_DN8876_c0_g1_i1.p1	XP_005361424.1	TRINITY_DN7948_c0_g1_i1.p1	TRINITY_DN12405_c0_g1_i1.p1	TRINITY_DN6518_c0_g1_i1.p1	TRINITY_DN118714_c0_g1_i2.p1	TRINITY_DN22652_c0_g1_i2.p1
2966	14	14	0.468	TRINITY_DN103_c7_g1_i1.p1	TRINITY_DN15899_c0_g1_i1.p1	TRINITY_DN4915_c0_g1_i1.p1	TRINITY_DN5798_c0_g1_i1.p1	TRINITY_DN8297_c0_g1_i1.p1	TRINITY_DN1662_c0_g1_i4.p1	TRINITY_DN11483_c0_g1_i3.p1	TRINITY_DN3242_c0_g1_i3.p1	XP_005349531.1	TRINITY_DN37018_c0_g1_i1.p1	TRINITY_DN6503_c0_g1_i1.p1	TRINITY_DN1593_c0_g1_i2.p1	TRINITY_DN7047_c0_g1_i3.p1	TRINITY_DN10078_c0_g1_i2.p1
2967	14	14	0.467	TRINITY_DN2358_c0_g1_i34.p1	TRINITY_DN27348_c0_g1_i2.p1	TRINITY_DN1682_c0_g1_i1.p1	TRINITY_DN7683_c0_g2_i1.p1	TRINITY_DN799_c0_g1_i4.p1	TRINITY_DN52048_c0_g1_i1.p1	TRINITY_DN1659_c0_g1_i12.p1	TRINITY_DN6188_c0_g1_i2.p1	XP_005351952.1	TRINITY_DN29242_c0_g1_i3.p1	TRINITY_DN5467_c0_g1_i2.p1	TRINITY_DN1796_c0_g1_i5.p1	TRINITY_DN739_c0_g1_i8.p1	TRINITY_DN3075_c0_g1_i2.p1
2968	14	14	0.467	TRINITY_DN84466_c0_g1_i1.p1	TRINITY_DN50041_c0_g1_i1.p1	TRINITY_DN127488_c0_g1_i1.p1	TRINITY_DN20404_c0_g1_i1.p1	TRINITY_DN2425_c0_g1_i1.p1	TRINITY_DN3182_c0_g1_i3.p1	TRINITY_DN259189_c0_g1_i1.p1	TRINITY_DN864_c2_g1_i1.p1	XP_005347448.1	TRINITY_DN37652_c0_g1_i1.p1	TRINITY_DN27249_c0_g1_i1.p1	TRINITY_DN72268_c0_g1_i1.p1	TRINITY_DN101088_c0_g1_i1.p1	TRINITY_DN288_c0_g1_i1.p1
2969	14	14	0.466	TRINITY_DN1688_c0_g1_i7.p1	TRINITY_DN20619_c0_g1_i2.p1	TRINITY_DN103839_c0_g1_i1.p1	TRINITY_DN16820_c0_g1_i1.p1	TRINITY_DN6649_c0_g1_i2.p1	TRINITY_DN7422_c1_g1_i10.p1	TRINITY_DN15316_c0_g1_i1.p1	TRINITY_DN13341_c0_g1_i1.p1	XP_005345104.1	TRINITY_DN3624_c0_g1_i3.p1	TRINITY_DN16293_c0_g1_i1.p1	TRINITY_DN3971_c0_g1_i2.p1	TRINITY_DN5192_c0_g1_i1.p1	TRINITY_DN3996_c0_g1_i1.p1
2970	14	14	0.465	TRINITY_DN18646_c0_g2_i2.p1	TRINITY_DN32889_c0_g1_i1.p1	TRINITY_DN101077_c0_g1_i1.p1	TRINITY_DN5393_c0_g1_i3.p1	TRINITY_DN3192_c0_g1_i1.p1	TRINITY_DN4724_c0_g2_i2.p1	TRINITY_DN121_c0_g1_i19.p1	TRINITY_DN30379_c0_g1_i1.p1	XP_005343419.1	TRINITY_DN5191_c0_g1_i1.p1	TRINITY_DN11180_c0_g1_i1.p1	TRINITY_DN63180_c0_g1_i1.p1	TRINITY_DN46875_c0_g1_i3.p1	TRINITY_DN22732_c0_g1_i1.p1
2971	14	14	0.46	TRINITY_DN5079_c0_g1_i5.p1	TRINITY_DN6839_c0_g1_i1.p1	TRINITY_DN142466_c0_g1_i1.p1	TRINITY_DN4398_c0_g1_i1.p1	TRINITY_DN2138_c0_g1_i1.p1	TRINITY_DN6653_c0_g1_i4.p1	TRINITY_DN2261_c1_g2_i1.p1	TRINITY_DN14107_c0_g1_i2.p1	XP_005368093.1	TRINITY_DN15325_c0_g1_i2.p1	TRINITY_DN15855_c0_g1_i1.p1	TRINITY_DN56834_c0_g1_i1.p1	TRINITY_DN192081_c0_g1_i1.p1	TRINITY_DN22326_c0_g1_i1.p1
2972	14	14	0.459	TRINITY_DN19099_c0_g1_i3.p1	TRINITY_DN59933_c0_g1_i1.p1	TRINITY_DN100894_c0_g1_i1.p1	TRINITY_DN1_c0_g1_i1.p1	TRINITY_DN3361_c0_g1_i1.p1	TRINITY_DN76355_c0_g1_i1.p1	TRINITY_DN10183_c0_g1_i12.p1	TRINITY_DN30334_c0_g1_i1.p1	XP_005348856.1	TRINITY_DN4114_c0_g1_i1.p1	TRINITY_DN24532_c0_g1_i1.p1	TRINITY_DN1149_c0_g1_i1.p1	TRINITY_DN21375_c0_g1_i1.p1	TRINITY_DN22550_c0_g1_i1.p1
2973	14	14	0.459	TRINITY_DN8862_c0_g1_i1.p1	TRINITY_DN502_c2_g3_i1.p1	TRINITY_DN127773_c0_g1_i2.p1	TRINITY_DN16685_c0_g1_i2.p1	TRINITY_DN18170_c0_g3_i1.p1	TRINITY_DN6866_c0_g1_i1.p1	TRINITY_DN986_c21_g1_i1.p1	TRINITY_DN33832_c0_g1_i1.p1	XP_005346195.1	TRINITY_DN9589_c0_g2_i2.p1	TRINITY_DN27304_c0_g1_i1.p1	TRINITY_DN73192_c0_g1_i1.p1	TRINITY_DN100945_c0_g1_i1.p1	TRINITY_DN2706_c0_g1_i1.p1
2974	14	14	0.458	TRINITY_DN13047_c0_g2_i3.p1	TRINITY_DN6857_c0_g1_i1.p1	TRINITY_DN76507_c0_g1_i1.p1	TRINITY_DN482_c0_g1_i1.p1	TRINITY_DN40192_c0_g1_i1.p1	TRINITY_DN4478_c0_g1_i1.p1	TRINITY_DN7187_c0_g1_i9.p1	TRINITY_DN1941_c0_g1_i1.p1	XP_005358419.1	TRINITY_DN4232_c0_g1_i1.p1	TRINITY_DN6515_c0_g1_i1.p1	TRINITY_DN82001_c0_g1_i1.p1	TRINITY_DN6735_c0_g1_i2.p1	TRINITY_DN1477_c0_g1_i1.p1
2975	14	14	0.457	TRINITY_DN2395_c0_g1_i48.p1	TRINITY_DN63682_c0_g1_i1.p1	TRINITY_DN31357_c0_g1_i8.p1	TRINITY_DN9187_c0_g1_i1.p1	TRINITY_DN8711_c0_g1_i3.p1	TRINITY_DN5552_c0_g1_i6.p1	TRINITY_DN7325_c0_g1_i24.p1	TRINITY_DN27934_c0_g1_i2.p1	XP_005354403.1	TRINITY_DN13774_c0_g1_i1.p1	TRINITY_DN11097_c0_g1_i2.p1	TRINITY_DN3252_c0_g1_i1.p1	TRINITY_DN3328_c0_g1_i4.p1	TRINITY_DN19698_c0_g1_i1.p1
2976	14	14	0.456	TRINITY_DN447_c6_g1_i1.p1	TRINITY_DN13882_c0_g1_i3.p1	TRINITY_DN38974_c0_g1_i1.p1	TRINITY_DN4412_c0_g1_i2.p1	TRINITY_DN9717_c0_g1_i1.p1	TRINITY_DN2719_c0_g2_i1.p1	TRINITY_DN117_c1_g1_i1.p1	TRINITY_DN1948_c2_g1_i1.p1	XP_005371119.1	TRINITY_DN9112_c0_g3_i1.p1	TRINITY_DN3727_c0_g1_i1.p1	TRINITY_DN4235_c0_g1_i2.p1	TRINITY_DN13161_c0_g1_i2.p1	TRINITY_DN22965_c0_g1_i1.p1
2977	14	14	0.456	TRINITY_DN9757_c0_g1_i45.p1	TRINITY_DN50231_c0_g1_i1.p1	TRINITY_DN61287_c0_g1_i1.p1	TRINITY_DN2724_c0_g2_i2.p1	TRINITY_DN15154_c1_g2_i1.p1	TRINITY_DN1093_c0_g1_i1.p1	TRINITY_DN1057_c0_g1_i1.p1	TRINITY_DN33736_c0_g1_i1.p1	XP_005371264.1	TRINITY_DN16585_c0_g1_i1.p1	TRINITY_DN26983_c2_g1_i1.p1	TRINITY_DN56135_c0_g1_i1.p1	TRINITY_DN23936_c0_g1_i2.p1	TRINITY_DN3885_c0_g1_i1.p1
2978	14	14	0.455	TRINITY_DN3045_c0_g1_i2.p1	TRINITY_DN725_c0_g1_i1.p1	TRINITY_DN140335_c0_g1_i1.p1	TRINITY_DN738_c0_g1_i1.p1	TRINITY_DN3524_c0_g1_i1.p1	TRINITY_DN4254_c0_g1_i1.p1	TRINITY_DN1982_c2_g1_i3.p1	TRINITY_DN6457_c0_g1_i1.p1	XP_005356147.1	TRINITY_DN4484_c0_g1_i1.p1	TRINITY_DN1811_c0_g1_i1.p1	TRINITY_DN11157_c0_g1_i2.p1	TRINITY_DN1461_c0_g1_i1.p1	TRINITY_DN22696_c0_g1_i1.p1
2979	14	14	0.455	TRINITY_DN379_c21_g1_i1.p1	TRINITY_DN2116_c0_g1_i1.p1	TRINITY_DN76614_c0_g1_i1.p1	TRINITY_DN11095_c0_g2_i1.p1	TRINITY_DN9297_c0_g2_i1.p1	TRINITY_DN5060_c3_g1_i1.p1	TRINITY_DN92_c5_g1_i1.p1	TRINITY_DN4197_c0_g1_i1.p1	XP_005354622.1	TRINITY_DN7270_c0_g1_i1.p1	TRINITY_DN24326_c0_g1_i1.p1	TRINITY_DN3826_c0_g1_i3.p1	TRINITY_DN15225_c2_g1_i4.p1	TRINITY_DN4298_c0_g3_i1.p1
2980	14	14	0.454	TRINITY_DN1605_c0_g1_i2.p1	TRINITY_DN753_c0_g1_i1.p1	TRINITY_DN88044_c0_g1_i1.p1	TRINITY_DN15841_c1_g1_i1.p1	TRINITY_DN3067_c0_g1_i2.p1	TRINITY_DN3990_c0_g1_i1.p1	TRINITY_DN4926_c3_g1_i3.p1	TRINITY_DN4260_c0_g1_i1.p1	XP_005360870.1	TRINITY_DN1856_c0_g1_i1.p1	TRINITY_DN3090_c0_g1_i1.p1	TRINITY_DN1907_c0_g1_i1.p1	TRINITY_DN3191_c0_g1_i1.p1	TRINITY_DN3854_c0_g1_i1.p1
2981	14	14	0.453	TRINITY_DN1058_c1_g1_i6.p1	TRINITY_DN7013_c0_g1_i1.p1	TRINITY_DN116235_c0_g1_i1.p1	TRINITY_DN11140_c0_g1_i1.p1	TRINITY_DN14958_c0_g1_i2.p1	TRINITY_DN9047_c0_g1_i2.p1	TRINITY_DN17327_c0_g1_i2.p1	TRINITY_DN7941_c0_g1_i1.p1	XP_005360026.1	TRINITY_DN17514_c0_g1_i2.p1	TRINITY_DN21167_c0_g1_i3.p1	TRINITY_DN4931_c2_g3_i2.p1	TRINITY_DN5121_c0_g1_i1.p1	TRINITY_DN22618_c0_g1_i2.p1
2982	14	14	0.451	TRINITY_DN11564_c0_g1_i1.p1	TRINITY_DN634_c0_g1_i1.p1	TRINITY_DN5092_c2_g1_i2.p1	TRINITY_DN5682_c0_g1_i1.p1	TRINITY_DN14826_c0_g2_i1.p1	TRINITY_DN3862_c0_g1_i1.p1	TRINITY_DN9142_c0_g1_i1.p1	TRINITY_DN11570_c0_g2_i1.p1	XP_005345306.1	TRINITY_DN6224_c0_g1_i1.p1	TRINITY_DN24567_c0_g1_i1.p1	TRINITY_DN5901_c0_g1_i1.p1	TRINITY_DN12735_c1_g1_i1.p1	TRINITY_DN3478_c0_g1_i1.p1
2983	14	14	0.451	TRINITY_DN2080_c0_g1_i13.p1	TRINITY_DN6526_c0_g1_i1.p1	TRINITY_DN5407_c0_g1_i4.p1	TRINITY_DN6210_c0_g1_i1.p1	TRINITY_DN3342_c0_g1_i2.p1	TRINITY_DN4036_c0_g1_i9.p1	TRINITY_DN2687_c0_g1_i16.p1	TRINITY_DN11855_c0_g1_i1.p1	XP_013203428.1	TRINITY_DN16671_c0_g1_i1.p1	TRINITY_DN12967_c0_g1_i1.p1	TRINITY_DN4346_c0_g1_i2.p1	TRINITY_DN7570_c0_g1_i6.p1	TRINITY_DN2399_c0_g1_i1.p1
2984	14	14	0.451	TRINITY_DN3872_c0_g1_i5.p1	TRINITY_DN314_c0_g1_i1.p1	TRINITY_DN10372_c0_g2_i4.p1	TRINITY_DN5636_c0_g1_i2.p1	TRINITY_DN8472_c0_g1_i1.p1	TRINITY_DN3625_c0_g1_i1.p1	TRINITY_DN13132_c0_g1_i7.p1	TRINITY_DN10891_c0_g1_i1.p1	XP_005361656.1	TRINITY_DN10452_c0_g1_i1.p1	TRINITY_DN13887_c0_g1_i1.p1	TRINITY_DN14621_c0_g1_i3.p1	TRINITY_DN5559_c0_g1_i3.p1	TRINITY_DN1530_c0_g1_i1.p1
2985	14	14	0.451	TRINITY_DN6775_c0_g1_i1.p1	TRINITY_DN997_c0_g1_i1.p1	TRINITY_DN76908_c0_g1_i1.p1	TRINITY_DN17044_c0_g1_i1.p1	TRINITY_DN5150_c0_g2_i1.p1	TRINITY_DN18007_c0_g1_i1.p1	TRINITY_DN1901_c4_g2_i1.p1	TRINITY_DN24604_c0_g1_i1.p1	XP_005365996.1	TRINITY_DN10105_c0_g1_i1.p1	TRINITY_DN15267_c0_g1_i3.p1	TRINITY_DN4063_c0_g1_i1.p1	TRINITY_DN192492_c0_g1_i1.p1	TRINITY_DN5459_c0_g1_i1.p1
2986	14	14	0.451	TRINITY_DN9992_c0_g1_i1.p1	TRINITY_DN29800_c0_g1_i1.p1	TRINITY_DN88427_c0_g1_i1.p1	TRINITY_DN16898_c0_g1_i2.p1	TRINITY_DN42528_c0_g1_i1.p1	TRINITY_DN67712_c0_g1_i1.p1	TRINITY_DN5822_c0_g1_i1.p1	TRINITY_DN4227_c1_g1_i1.p1	XP_005369247.1	TRINITY_DN7545_c0_g2_i1.p1	TRINITY_DN5163_c0_g1_i1.p1	TRINITY_DN11255_c0_g1_i2.p1	TRINITY_DN12992_c0_g1_i2.p1	TRINITY_DN19459_c0_g1_i1.p1
2987	14	14	0.449	TRINITY_DN11656_c0_g1_i1.p1	TRINITY_DN2511_c0_g2_i1.p1	TRINITY_DN5370_c0_g2_i1.p1	TRINITY_DN5597_c0_g1_i1.p1	TRINITY_DN11887_c1_g1_i1.p1	TRINITY_DN3483_c0_g1_i2.p1	TRINITY_DN5118_c0_g1_i3.p1	TRINITY_DN28685_c0_g1_i1.p1	XP_005354939.1	TRINITY_DN18868_c0_g1_i1.p1	TRINITY_DN4170_c0_g3_i1.p1	TRINITY_DN63269_c0_g1_i2.p1	TRINITY_DN155119_c0_g1_i1.p1	TRINITY_DN23567_c0_g1_i1.p1
2988	14	14	0.448	TRINITY_DN15124_c0_g1_i4.p1	TRINITY_DN14737_c0_g2_i1.p1	TRINITY_DN10796_c0_g1_i2.p1	TRINITY_DN16751_c0_g1_i1.p1	TRINITY_DN15159_c0_g1_i1.p1	TRINITY_DN10399_c0_g1_i1.p1	TRINITY_DN12992_c0_g1_i2.p1	TRINITY_DN7705_c2_g1_i3.p1	XP_005347072.1	TRINITY_DN11771_c0_g1_i2.p1	TRINITY_DN18761_c0_g1_i1.p1	TRINITY_DN2856_c0_g1_i2.p1	TRINITY_DN2742_c0_g2_i2.p1	TRINITY_DN1666_c0_g1_i1.p1
2989	14	14	0.445	TRINITY_DN3343_c0_g1_i4.p1	TRINITY_DN20768_c0_g1_i1.p1	TRINITY_DN31275_c0_g1_i1.p1	TRINITY_DN8778_c0_g1_i1.p1	TRINITY_DN12228_c0_g1_i1.p1	TRINITY_DN80664_c0_g1_i1.p1	TRINITY_DN3122_c0_g1_i15.p1	TRINITY_DN34039_c0_g1_i1.p1	XP_005349513.1	TRINITY_DN5080_c0_g1_i1.p1	TRINITY_DN16493_c0_g1_i1.p1	TRINITY_DN12133_c0_g1_i1.p1	TRINITY_DN5618_c0_g1_i1.p1	TRINITY_DN6067_c0_g1_i1.p1
2990	14	14	0.444	TRINITY_DN4861_c0_g1_i2.p1	TRINITY_DN43255_c0_g1_i1.p1	TRINITY_DN2927_c0_g2_i1.p1	TRINITY_DN13224_c0_g1_i1.p1	TRINITY_DN1684_c0_g2_i2.p1	TRINITY_DN5129_c0_g1_i1.p1	TRINITY_DN10826_c0_g1_i1.p1	TRINITY_DN4832_c0_g3_i1.p1	XP_005348809.1	TRINITY_DN1897_c0_g1_i5.p1	TRINITY_DN27403_c0_g1_i1.p1	TRINITY_DN1027_c0_g1_i1.p1	TRINITY_DN8877_c0_g1_i1.p1	TRINITY_DN20027_c0_g1_i1.p1
2991	14	14	0.442	TRINITY_DN4059_c0_g1_i1.p1	TRINITY_DN1522_c0_g2_i3.p1	TRINITY_DN4671_c0_g2_i1.p1	TRINITY_DN13678_c0_g1_i2.p1	TRINITY_DN172_c1_g1_i1.p1	TRINITY_DN1103_c0_g1_i1.p1	TRINITY_DN2099_c3_g1_i1.p1	TRINITY_DN1171_c0_g1_i1.p1	XP_005347580.1	TRINITY_DN9419_c0_g2_i2.p1	TRINITY_DN6031_c0_g1_i1.p1	TRINITY_DN2554_c2_g1_i2.p1	TRINITY_DN39171_c0_g1_i1.p1	TRINITY_DN1063_c0_g1_i1.p1
2992	14	14	0.442	TRINITY_DN4854_c0_g1_i1.p1	TRINITY_DN5349_c0_g1_i1.p1	TRINITY_DN126656_c0_g1_i1.p1	TRINITY_DN13794_c0_g1_i1.p1	TRINITY_DN47470_c0_g1_i1.p1	TRINITY_DN22052_c0_g1_i1.p1	TRINITY_DN10847_c0_g1_i2.p1	TRINITY_DN28357_c0_g1_i1.p1	XP_005351972.1	TRINITY_DN18984_c0_g1_i1.p1	TRINITY_DN17022_c0_g1_i1.p1	TRINITY_DN63309_c0_g1_i1.p1	TRINITY_DN192193_c0_g1_i1.p1	TRINITY_DN22347_c0_g1_i1.p1
2993	14	14	0.441	TRINITY_DN11782_c0_g1_i2.p1	TRINITY_DN6998_c0_g1_i2.p1	TRINITY_DN7828_c1_g1_i1.p1	TRINITY_DN800_c5_g1_i1.p1	TRINITY_DN1353_c3_g1_i1.p1	TRINITY_DN1187_c2_g1_i1.p1	TRINITY_DN328_c11_g1_i1.p1	TRINITY_DN57_c1_g3_i1.p1	XP_005369712.1	TRINITY_DN6605_c3_g1_i1.p1	TRINITY_DN4038_c0_g2_i1.p1	TRINITY_DN3167_c0_g1_i2.p1	TRINITY_DN1100_c5_g1_i1.p1	TRINITY_DN1306_c0_g4_i1.p1
2994	14	14	0.441	TRINITY_DN3666_c1_g1_i22.p1	TRINITY_DN2537_c0_g1_i1.p1	TRINITY_DN23470_c0_g1_i1.p1	TRINITY_DN18898_c0_g1_i1.p1	TRINITY_DN24931_c0_g1_i5.p1	TRINITY_DN5086_c0_g1_i4.p1	TRINITY_DN3423_c0_g1_i3.p1	TRINITY_DN7728_c0_g1_i1.p1	XP_005354237.1	TRINITY_DN4921_c0_g1_i4.p1	TRINITY_DN17289_c0_g1_i1.p1	TRINITY_DN5437_c0_g1_i4.p1	TRINITY_DN4811_c0_g1_i3.p1	TRINITY_DN4012_c0_g2_i1.p1
2995	14	14	0.44	TRINITY_DN694_c0_g1_i3.p1	TRINITY_DN2117_c1_g1_i1.p1	TRINITY_DN140591_c0_g1_i1.p1	TRINITY_DN6208_c0_g1_i1.p1	TRINITY_DN47431_c0_g1_i1.p1	TRINITY_DN68286_c0_g1_i1.p1	TRINITY_DN573_c1_g1_i4.p1	TRINITY_DN6685_c0_g1_i1.p1	XP_005367909.1	TRINITY_DN4360_c0_g1_i1.p1	TRINITY_DN26913_c0_g1_i1.p1	TRINITY_DN1849_c2_g1_i1.p1	TRINITY_DN372_c5_g1_i1.p1	TRINITY_DN22151_c0_g1_i1.p1
2996	14	14	0.436	TRINITY_DN7448_c0_g1_i30.p1	TRINITY_DN37973_c0_g1_i2.p1	TRINITY_DN784_c1_g1_i2.p1	TRINITY_DN2069_c2_g1_i1.p1	TRINITY_DN1225_c0_g1_i2.p1	TRINITY_DN22279_c1_g1_i1.p1	TRINITY_DN1887_c0_g1_i2.p1	TRINITY_DN1216_c0_g1_i1.p1	XP_005349107.1	TRINITY_DN2870_c0_g1_i1.p1	TRINITY_DN1632_c0_g1_i2.p1	TRINITY_DN4403_c0_g1_i2.p1	TRINITY_DN17_c0_g1_i3.p1	TRINITY_DN1808_c0_g1_i1.p1
2997	14	14	0.435	TRINITY_DN10000_c0_g1_i3.p1	TRINITY_DN4159_c0_g1_i1.p1	TRINITY_DN4105_c0_g1_i5.p1	TRINITY_DN6616_c0_g1_i2.p1	TRINITY_DN3489_c0_g1_i2.p1	TRINITY_DN50635_c0_g2_i1.p1	TRINITY_DN6805_c0_g1_i1.p1	TRINITY_DN5697_c0_g1_i3.p1	XP_005344606.1	TRINITY_DN6145_c0_g1_i2.p1	TRINITY_DN971_c0_g1_i1.p1	TRINITY_DN1963_c0_g1_i1.p1	TRINITY_DN5745_c0_g1_i1.p1	TRINITY_DN20600_c0_g1_i1.p1
2998	14	14	0.434	TRINITY_DN2816_c0_g1_i9.p1	TRINITY_DN7666_c0_g1_i1.p1	TRINITY_DN2299_c0_g1_i2.p1	TRINITY_DN13361_c0_g1_i1.p1	TRINITY_DN8176_c0_g1_i1.p1	TRINITY_DN68043_c0_g1_i1.p1	TRINITY_DN33404_c0_g3_i2.p1	TRINITY_DN5467_c1_g1_i4.p1	XP_005349013.1	TRINITY_DN9439_c0_g3_i1.p1	TRINITY_DN7158_c0_g1_i1.p1	TRINITY_DN10699_c1_g3_i3.p1	TRINITY_DN3788_c0_g1_i1.p1	TRINITY_DN20823_c0_g1_i1.p1
2999	14	14	0.434	TRINITY_DN4165_c0_g1_i1.p1	TRINITY_DN45633_c0_g1_i1.p1	TRINITY_DN126595_c0_g1_i1.p1	TRINITY_DN20395_c0_g1_i1.p1	TRINITY_DN2535_c0_g1_i2.p1	TRINITY_DN13616_c0_g1_i1.p1	TRINITY_DN2254_c0_g1_i2.p1	TRINITY_DN9132_c1_g1_i1.p1	XP_005343505.1	TRINITY_DN955_c0_g2_i1.p1	TRINITY_DN3178_c0_g1_i1.p1	TRINITY_DN71722_c0_g1_i1.p1	TRINITY_DN2290_c0_g1_i1.p1	TRINITY_DN1352_c0_g1_i1.p1
3000	14	14	0.434	TRINITY_DN74_c8_g3_i1.p1	TRINITY_DN2814_c5_g1_i1.p1	TRINITY_DN735_c2_g1_i2.p1	TRINITY_DN39_c1_g2_i1.p1	TRINITY_DN9_c2_g2_i1.p1	TRINITY_DN873_c2_g1_i1.p1	TRINITY_DN195_c0_g1_i6.p3	TRINITY_DN1411_c5_g1_i1.p1	XP_005363123.1	TRINITY_DN283_c1_g2_i1.p1	TRINITY_DN806_c5_g1_i1.p1	TRINITY_DN485_c0_g1_i1.p1	TRINITY_DN721_c0_g1_i1.p1	TRINITY_DN1779_c4_g1_i1.p1
3001	14	14	0.433	TRINITY_DN3998_c0_g2_i6.p1	TRINITY_DN1451_c0_g1_i1.p1	TRINITY_DN3242_c1_g1_i1.p1	TRINITY_DN12256_c0_g1_i1.p1	TRINITY_DN795_c4_g1_i1.p1	TRINITY_DN897_c0_g2_i2.p1	TRINITY_DN5297_c0_g1_i7.p1	TRINITY_DN3206_c0_g1_i1.p1	XP_005358064.1	TRINITY_DN20152_c0_g1_i1.p1	TRINITY_DN10065_c0_g1_i1.p1	TRINITY_DN8801_c1_g1_i2.p1	TRINITY_DN2304_c0_g1_i2.p1	TRINITY_DN2292_c0_g3_i1.p1
3002	14	14	0.432	TRINITY_DN3862_c0_g1_i1.p1	TRINITY_DN6355_c0_g1_i4.p1	TRINITY_DN1123_c0_g2_i1.p1	TRINITY_DN19088_c0_g1_i1.p1	TRINITY_DN2100_c1_g2_i1.p1	TRINITY_DN433_c0_g1_i1.p1	TRINITY_DN10413_c0_g1_i3.p1	TRINITY_DN6487_c0_g1_i1.p1	XP_005351058.1	TRINITY_DN6634_c0_g3_i1.p1	TRINITY_DN9612_c0_g1_i1.p1	TRINITY_DN5171_c0_g1_i1.p1	TRINITY_DN476_c0_g1_i2.p1	TRINITY_DN1272_c0_g1_i1.p1
3003	14	14	0.43	TRINITY_DN185068_c0_g1_i1.p1	TRINITY_DN188_c0_g1_i1.p1	TRINITY_DN114055_c0_g1_i1.p1	TRINITY_DN8587_c0_g1_i1.p1	TRINITY_DN2229_c0_g1_i2.p1	TRINITY_DN1757_c0_g1_i1.p1	TRINITY_DN575_c0_g2_i1.p1	TRINITY_DN1394_c0_g1_i1.p1	XP_005355564.1	TRINITY_DN129_c0_g1_i1.p1	TRINITY_DN3920_c0_g1_i2.p1	TRINITY_DN56037_c0_g1_i1.p1	TRINITY_DN3898_c0_g1_i3.p1	TRINITY_DN1333_c0_g2_i1.p1
3004	14	14	0.428	TRINITY_DN9585_c0_g1_i1.p1	TRINITY_DN2383_c0_g1_i1.p1	TRINITY_DN3148_c0_g1_i2.p1	TRINITY_DN4792_c0_g1_i2.p1	TRINITY_DN2933_c0_g1_i1.p1	TRINITY_DN3820_c0_g1_i2.p1	TRINITY_DN30291_c0_g1_i1.p1	TRINITY_DN4599_c0_g1_i4.p1	XP_005364042.1	TRINITY_DN1969_c0_g1_i1.p1	TRINITY_DN17050_c0_g1_i1.p1	TRINITY_DN2351_c0_g1_i3.p1	TRINITY_DN7230_c0_g1_i2.p1	TRINITY_DN3255_c0_g1_i1.p1
3005	14	14	0.427	TRINITY_DN59944_c0_g1_i1.p1	TRINITY_DN45913_c0_g1_i1.p1	TRINITY_DN117691_c0_g1_i1.p1	TRINITY_DN13356_c0_g1_i1.p1	TRINITY_DN3902_c0_g2_i1.p1	TRINITY_DN5734_c0_g1_i1.p1	TRINITY_DN268415_c0_g1_i1.p1	TRINITY_DN808_c0_g2_i1.p1	XP_005354852.1	TRINITY_DN33666_c0_g1_i1.p1	TRINITY_DN26970_c0_g1_i1.p1	TRINITY_DN5912_c0_g1_i1.p1	TRINITY_DN154535_c0_g1_i1.p1	TRINITY_DN22268_c0_g1_i1.p1
3006	14	14	0.427	TRINITY_DN652_c1_g3_i2.p1	TRINITY_DN33066_c0_g1_i1.p1	TRINITY_DN13782_c0_g1_i1.p1	TRINITY_DN3828_c0_g1_i1.p1	TRINITY_DN4819_c0_g1_i2.p1	TRINITY_DN4859_c0_g1_i2.p1	TRINITY_DN2631_c0_g1_i17.p1	TRINITY_DN7345_c3_g1_i1.p1	XP_005354505.1	TRINITY_DN2680_c0_g1_i1.p1	TRINITY_DN26851_c0_g1_i1.p1	TRINITY_DN5789_c0_g1_i1.p1	TRINITY_DN10815_c0_g1_i1.p1	TRINITY_DN19728_c0_g1_i2.p1
3007	14	14	0.425	TRINITY_DN8154_c0_g1_i6.p1	TRINITY_DN59179_c0_g1_i1.p1	TRINITY_DN101398_c0_g1_i1.p1	TRINITY_DN5370_c0_g1_i2.p1	TRINITY_DN11172_c0_g1_i1.p1	TRINITY_DN17084_c0_g1_i1.p1	TRINITY_DN8293_c0_g1_i11.p1	TRINITY_DN4034_c0_g1_i2.p1	XP_005347785.1	TRINITY_DN20929_c0_g1_i1.p1	TRINITY_DN3793_c0_g1_i1.p1	TRINITY_DN2665_c0_g1_i1.p1	TRINITY_DN3515_c0_g1_i2.p1	TRINITY_DN4674_c0_g1_i1.p1
3008	14	14	0.424	TRINITY_DN9277_c0_g1_i2.p1	TRINITY_DN14042_c0_g5_i1.p1	TRINITY_DN7374_c0_g1_i1.p1	TRINITY_DN6132_c0_g1_i1.p1	TRINITY_DN408_c0_g3_i1.p1	TRINITY_DN1038_c0_g1_i3.p1	TRINITY_DN11226_c0_g1_i1.p1	TRINITY_DN16573_c0_g1_i1.p1	XP_005366826.1	TRINITY_DN4405_c0_g3_i1.p1	TRINITY_DN151_c1_g2_i1.p1	TRINITY_DN2154_c0_g2_i1.p1	TRINITY_DN1104_c1_g1_i2.p1	TRINITY_DN15693_c0_g1_i1.p1
3009	14	14	0.423	TRINITY_DN42703_c0_g1_i2.p1	TRINITY_DN7260_c0_g1_i3.p1	TRINITY_DN3878_c0_g1_i4.p1	TRINITY_DN8731_c0_g1_i1.p1	TRINITY_DN4135_c0_g1_i1.p1	TRINITY_DN5577_c0_g1_i1.p1	TRINITY_DN3401_c0_g1_i41.p1	TRINITY_DN33689_c0_g1_i1.p1	XP_005353370.1	TRINITY_DN29_c0_g5_i1.p1	TRINITY_DN4906_c0_g1_i2.p1	TRINITY_DN1794_c0_g1_i2.p1	TRINITY_DN507_c0_g1_i4.p1	TRINITY_DN22994_c0_g1_i1.p1
3010	14	14	0.422	TRINITY_DN170_c0_g1_i3.p1	TRINITY_DN233_c0_g1_i1.p1	TRINITY_DN116088_c0_g1_i1.p1	TRINITY_DN1966_c0_g1_i1.p1	TRINITY_DN42879_c0_g1_i1.p1	TRINITY_DN4686_c0_g1_i1.p1	TRINITY_DN366_c0_g1_i1.p1	TRINITY_DN3659_c0_g1_i3.p1	XP_013204656.1	TRINITY_DN25848_c0_g2_i1.p1	TRINITY_DN27176_c0_g1_i1.p1	TRINITY_DN96197_c0_g1_i1.p1	TRINITY_DN25_c0_g1_i1.p1	TRINITY_DN22252_c0_g1_i1.p1
3011	14	14	0.422	TRINITY_DN6797_c1_g1_i4.p1	TRINITY_DN42882_c0_g1_i2.p1	TRINITY_DN9677_c0_g1_i4.p1	TRINITY_DN17164_c0_g1_i1.p1	TRINITY_DN24587_c0_g1_i1.p1	TRINITY_DN8894_c0_g1_i1.p1	TRINITY_DN9559_c0_g2_i2.p1	TRINITY_DN16042_c0_g2_i1.p1	XP_005361717.1	TRINITY_DN11394_c0_g2_i2.p1	TRINITY_DN22094_c0_g2_i1.p1	TRINITY_DN3532_c0_g1_i1.p1	TRINITY_DN7193_c0_g1_i1.p1	TRINITY_DN2015_c0_g2_i1.p1
3012	14	14	0.421	TRINITY_DN13387_c0_g1_i12.p1	TRINITY_DN35859_c0_g1_i1.p2	TRINITY_DN71382_c0_g1_i4.p1	TRINITY_DN3949_c0_g3_i1.p1	TRINITY_DN1112_c1_g2_i2.p1	TRINITY_DN8835_c0_g2_i1.p1	TRINITY_DN4921_c0_g1_i5.p1	TRINITY_DN28917_c0_g1_i1.p1	XP_005348047.1	TRINITY_DN27785_c0_g1_i4.p1	TRINITY_DN16104_c0_g1_i1.p1	TRINITY_DN8826_c0_g1_i1.p1	TRINITY_DN194062_c0_g1_i1.p1	TRINITY_DN7598_c0_g2_i1.p1
3013	14	14	0.421	TRINITY_DN13754_c0_g2_i1.p1	TRINITY_DN23304_c1_g1_i1.p1	TRINITY_DN114003_c0_g1_i1.p1	TRINITY_DN5761_c0_g1_i1.p1	TRINITY_DN9161_c0_g1_i1.p1	TRINITY_DN3433_c0_g1_i1.p1	TRINITY_DN5675_c0_g1_i4.p1	TRINITY_DN31473_c0_g1_i1.p1	XP_005358316.1	TRINITY_DN9319_c0_g1_i1.p1	TRINITY_DN9885_c0_g2_i2.p1	TRINITY_DN1338_c0_g1_i1.p1	TRINITY_DN2782_c0_g1_i1.p1	TRINITY_DN2614_c0_g1_i1.p1
3014	14	14	0.421	TRINITY_DN4747_c0_g1_i9.p1	TRINITY_DN32904_c0_g1_i2.p1	TRINITY_DN11308_c1_g1_i1.p1	TRINITY_DN4290_c0_g3_i1.p1	TRINITY_DN7428_c0_g1_i1.p1	TRINITY_DN11222_c0_g1_i1.p1	TRINITY_DN3189_c0_g1_i2.p1	TRINITY_DN33617_c0_g1_i1.p1	XP_005360298.1	TRINITY_DN11262_c0_g1_i1.p1	TRINITY_DN7203_c0_g1_i1.p1	TRINITY_DN1767_c0_g1_i2.p1	TRINITY_DN1010_c0_g1_i4.p1	TRINITY_DN6777_c0_g1_i1.p1
3015	14	14	0.42	TRINITY_DN1339_c0_g1_i1.p1	TRINITY_DN27336_c0_g1_i2.p1	TRINITY_DN26382_c0_g1_i2.p1	TRINITY_DN7882_c0_g2_i1.p1	TRINITY_DN2088_c0_g1_i1.p1	TRINITY_DN1809_c0_g1_i3.p1	TRINITY_DN1883_c0_g1_i2.p1	TRINITY_DN3379_c0_g2_i3.p1	XP_005371515.1	TRINITY_DN19070_c0_g1_i1.p1	TRINITY_DN4414_c0_g1_i1.p1	TRINITY_DN18239_c0_g1_i1.p1	TRINITY_DN5580_c0_g1_i1.p1	TRINITY_DN7195_c0_g2_i3.p1
3016	14	14	0.419	TRINITY_DN2549_c0_g1_i6.p1	TRINITY_DN7402_c0_g1_i2.p1	TRINITY_DN3673_c0_g1_i2.p1	TRINITY_DN19101_c0_g1_i1.p1	TRINITY_DN2748_c0_g1_i2.p1	TRINITY_DN12894_c0_g1_i3.p1	TRINITY_DN1594_c0_g1_i3.p1	TRINITY_DN8748_c1_g1_i1.p1	XP_005343353.1	TRINITY_DN8907_c0_g1_i3.p1	TRINITY_DN9334_c0_g3_i1.p1	TRINITY_DN4338_c0_g1_i2.p1	TRINITY_DN3744_c0_g1_i1.p1	TRINITY_DN5857_c0_g1_i1.p1
3017	14	14	0.419	TRINITY_DN3518_c0_g1_i20.p1	TRINITY_DN5263_c0_g2_i1.p1	TRINITY_DN1927_c0_g1_i1.p1	TRINITY_DN4857_c0_g1_i1.p1	TRINITY_DN4656_c2_g1_i1.p1	TRINITY_DN6110_c0_g1_i1.p1	TRINITY_DN460_c2_g1_i1.p1	TRINITY_DN12361_c0_g1_i1.p1	XP_005356617.1	TRINITY_DN4363_c0_g2_i1.p1	TRINITY_DN4917_c0_g1_i3.p1	TRINITY_DN102_c0_g1_i1.p1	TRINITY_DN2143_c1_g1_i2.p1	TRINITY_DN4465_c0_g1_i1.p1
3018	14	14	0.418	TRINITY_DN10853_c1_g3_i2.p1	TRINITY_DN1016_c0_g1_i1.p1	TRINITY_DN7155_c2_g1_i2.p1	TRINITY_DN10214_c0_g1_i2.p1	TRINITY_DN15204_c0_g1_i2.p1	TRINITY_DN2933_c2_g1_i3.p1	TRINITY_DN526_c0_g1_i2.p1	TRINITY_DN871_c0_g2_i3.p1	XP_005364711.1	TRINITY_DN7301_c0_g1_i4.p1	TRINITY_DN19011_c0_g1_i1.p1	TRINITY_DN73545_c0_g1_i1.p1	TRINITY_DN16722_c0_g1_i5.p1	TRINITY_DN22933_c0_g1_i1.p1
3019	14	14	0.418	TRINITY_DN36689_c0_g1_i3.p1	TRINITY_DN40688_c0_g1_i1.p1	TRINITY_DN88327_c0_g1_i1.p1	TRINITY_DN4823_c0_g1_i2.p1	TRINITY_DN6180_c0_g1_i3.p1	TRINITY_DN9505_c0_g1_i3.p1	TRINITY_DN15232_c0_g1_i5.p1	TRINITY_DN13074_c0_g1_i1.p1	XP_005349474.1	TRINITY_DN11335_c0_g1_i3.p1	TRINITY_DN27172_c0_g1_i1.p1	TRINITY_DN4213_c0_g1_i1.p1	TRINITY_DN6858_c0_g1_i2.p1	TRINITY_DN15219_c0_g1_i1.p1
3020	14	14	0.415	TRINITY_DN4004_c1_g1_i7.p1	TRINITY_DN3583_c0_g1_i2.p1	TRINITY_DN3695_c0_g1_i2.p1	TRINITY_DN13401_c0_g2_i1.p1	TRINITY_DN4530_c0_g1_i2.p1	TRINITY_DN4916_c0_g1_i2.p1	TRINITY_DN4910_c0_g1_i11.p1	TRINITY_DN3376_c0_g1_i3.p1	XP_005358318.1	TRINITY_DN3913_c0_g1_i1.p1	TRINITY_DN7314_c0_g1_i2.p1	TRINITY_DN1654_c0_g1_i1.p1	TRINITY_DN3726_c0_g1_i4.p1	TRINITY_DN5145_c0_g1_i1.p1
3021	14	14	0.414	TRINITY_DN487_c19_g1_i1.p1	TRINITY_DN13026_c0_g2_i1.p1	TRINITY_DN1367_c5_g1_i1.p1	TRINITY_DN5069_c0_g1_i1.p1	TRINITY_DN3481_c0_g1_i1.p1	TRINITY_DN1340_c11_g1_i1.p1	TRINITY_DN3996_c3_g1_i1.p1	TRINITY_DN45_c2_g1_i1.p1	XP_005358512.1	TRINITY_DN8314_c0_g1_i2.p1	TRINITY_DN1550_c0_g2_i1.p1	TRINITY_DN1246_c0_g1_i1.p1	TRINITY_DN63529_c1_g2_i1.p1	TRINITY_DN13264_c0_g1_i1.p1
3022	14	14	0.412	TRINITY_DN218_c0_g2_i7.p1	TRINITY_DN4027_c0_g1_i3.p1	TRINITY_DN3396_c0_g1_i3.p1	TRINITY_DN2296_c0_g1_i1.p1	TRINITY_DN2038_c0_g1_i2.p1	TRINITY_DN5245_c0_g1_i1.p1	TRINITY_DN5005_c0_g1_i5.p1	TRINITY_DN3753_c0_g1_i1.p1	XP_005349831.1	TRINITY_DN5750_c0_g2_i1.p1	TRINITY_DN26926_c0_g1_i1.p1	TRINITY_DN1242_c1_g1_i1.p1	TRINITY_DN4491_c0_g1_i3.p1	TRINITY_DN3658_c0_g1_i1.p1
3023	14	14	0.41	TRINITY_DN2213_c0_g1_i3.p1	TRINITY_DN546_c0_g1_i1.p1	TRINITY_DN14554_c0_g1_i5.p1	TRINITY_DN16973_c0_g1_i1.p1	TRINITY_DN532_c0_g1_i2.p1	TRINITY_DN8964_c0_g2_i1.p1	TRINITY_DN2113_c0_g1_i3.p1	TRINITY_DN34321_c0_g1_i1.p1	XP_005353764.1	TRINITY_DN5532_c0_g1_i2.p1	TRINITY_DN17542_c0_g1_i2.p1	TRINITY_DN72736_c0_g1_i1.p1	TRINITY_DN12561_c0_g1_i1.p1	TRINITY_DN7155_c0_g1_i2.p1
3024	14	14	0.408	TRINITY_DN70_c8_g1_i1.p1	TRINITY_DN55039_c0_g1_i1.p1	TRINITY_DN4585_c0_g1_i1.p1	TRINITY_DN5177_c0_g1_i1.p1	TRINITY_DN10002_c1_g2_i1.p1	TRINITY_DN9545_c0_g1_i1.p1	TRINITY_DN1021_c3_g2_i2.p1	TRINITY_DN3807_c0_g1_i1.p1	XP_005352398.1	TRINITY_DN10195_c0_g1_i1.p1	TRINITY_DN1969_c0_g2_i1.p1	TRINITY_DN7074_c0_g1_i1.p1	TRINITY_DN18038_c0_g1_i1.p1	TRINITY_DN5749_c0_g1_i1.p1
3025	14	14	0.406	TRINITY_DN1491_c2_g1_i4.p1	TRINITY_DN63925_c0_g1_i1.p1	TRINITY_DN113746_c1_g1_i1.p1	TRINITY_DN470_c1_g1_i1.p1	TRINITY_DN1886_c1_g1_i1.p1	TRINITY_DN6497_c0_g1_i1.p1	TRINITY_DN15220_c0_g1_i9.p1	TRINITY_DN3280_c0_g1_i1.p1	XP_005351919.1	TRINITY_DN4969_c0_g1_i1.p1	TRINITY_DN4555_c1_g1_i1.p1	TRINITY_DN3090_c0_g1_i1.p1	TRINITY_DN5926_c0_g1_i1.p1	TRINITY_DN19570_c0_g1_i1.p1
3026	14	14	0.403	TRINITY_DN6833_c0_g1_i6.p1	TRINITY_DN5376_c0_g1_i1.p1	TRINITY_DN1726_c0_g1_i1.p1	TRINITY_DN4438_c1_g1_i1.p1	TRINITY_DN744_c3_g2_i1.p1	TRINITY_DN271_c1_g5_i1.p1	TRINITY_DN9835_c5_g1_i2.p1	TRINITY_DN30368_c0_g1_i1.p1	XP_005369603.1	TRINITY_DN9150_c0_g1_i2.p1	TRINITY_DN313_c2_g1_i1.p1	TRINITY_DN22845_c0_g1_i2.p1	TRINITY_DN282_c1_g1_i1.p1	TRINITY_DN367_c3_g1_i1.p1
3027	14	14	0.4	TRINITY_DN885_c0_g1_i3.p1	TRINITY_DN25273_c0_g1_i1.p1	TRINITY_DN78573_c0_g1_i1.p1	TRINITY_DN3736_c1_g1_i2.p1	TRINITY_DN5633_c0_g1_i2.p1	TRINITY_DN76861_c0_g1_i1.p1	TRINITY_DN12392_c0_g1_i2.p1	TRINITY_DN7268_c0_g1_i1.p1	XP_005356683.1	TRINITY_DN5104_c0_g1_i3.p1	TRINITY_DN7912_c2_g1_i1.p1	TRINITY_DN1888_c0_g1_i1.p1	TRINITY_DN2640_c0_g1_i1.p1	TRINITY_DN19936_c0_g1_i1.p1
3028	14	14	0.398	TRINITY_DN8082_c0_g1_i6.p1	TRINITY_DN1587_c0_g2_i1.p1	TRINITY_DN8725_c0_g1_i1.p1	TRINITY_DN1070_c0_g1_i1.p1	TRINITY_DN6087_c0_g1_i1.p1	TRINITY_DN68527_c0_g1_i1.p1	TRINITY_DN20508_c1_g1_i3.p1	TRINITY_DN5181_c0_g1_i1.p1	XP_005347992.1	TRINITY_DN10683_c0_g1_i2.p1	TRINITY_DN6575_c0_g1_i1.p1	TRINITY_DN73458_c0_g1_i1.p1	TRINITY_DN13449_c0_g1_i1.p1	TRINITY_DN22234_c0_g1_i1.p1
3029	14	14	0.397	TRINITY_DN3173_c0_g1_i1.p1	TRINITY_DN50385_c0_g1_i1.p1	TRINITY_DN100996_c0_g1_i1.p1	TRINITY_DN13756_c0_g3_i1.p1	TRINITY_DN897_c0_g1_i1.p1	TRINITY_DN2301_c0_g1_i1.p1	TRINITY_DN2218_c0_g1_i1.p1	TRINITY_DN1325_c0_g1_i1.p1	XP_005355668.1	TRINITY_DN3933_c0_g1_i1.p1	TRINITY_DN1258_c0_g1_i1.p1	TRINITY_DN79842_c0_g1_i1.p1	TRINITY_DN12355_c0_g1_i1.p1	TRINITY_DN2216_c0_g1_i1.p1
3030	14	14	0.397	TRINITY_DN831_c3_g1_i3.p1	TRINITY_DN63657_c0_g1_i1.p1	TRINITY_DN392_c0_g1_i1.p1	TRINITY_DN1042_c0_g1_i1.p1	TRINITY_DN1068_c0_g1_i2.p1	TRINITY_DN68236_c0_g1_i1.p1	TRINITY_DN1507_c2_g1_i5.p1	TRINITY_DN5216_c0_g1_i1.p1	XP_005368329.1	TRINITY_DN1226_c0_g1_i1.p1	TRINITY_DN26885_c0_g1_i1.p1	TRINITY_DN4502_c0_g1_i1.p1	TRINITY_DN2992_c0_g1_i2.p1	TRINITY_DN1836_c0_g1_i1.p1
3031	14	14	0.396	TRINITY_DN5886_c0_g1_i4.p1	TRINITY_DN29342_c0_g1_i1.p1	TRINITY_DN87971_c0_g1_i1.p1	TRINITY_DN6312_c0_g2_i1.p1	TRINITY_DN24691_c0_g1_i1.p1	TRINITY_DN38020_c0_g1_i1.p1	TRINITY_DN4893_c0_g1_i4.p1	TRINITY_DN3757_c0_g1_i1.p1	XP_005363474.1	TRINITY_DN21669_c0_g1_i2.p1	TRINITY_DN15942_c0_g1_i1.p1	TRINITY_DN72576_c0_g1_i1.p1	TRINITY_DN2762_c3_g1_i2.p1	TRINITY_DN13801_c0_g1_i1.p1
3032	14	14	0.392	TRINITY_DN22262_c0_g1_i12.p1	TRINITY_DN10110_c0_g1_i3.p1	TRINITY_DN2_c0_g1_i2.p1	TRINITY_DN3792_c0_g1_i2.p1	TRINITY_DN4590_c0_g1_i2.p1	TRINITY_DN1847_c0_g1_i1.p1	TRINITY_DN1941_c0_g1_i4.p1	TRINITY_DN2980_c2_g1_i1.p1	XP_005343253.1	TRINITY_DN8289_c0_g1_i2.p1	TRINITY_DN2243_c0_g1_i3.p1	TRINITY_DN2980_c0_g1_i1.p1	TRINITY_DN11491_c0_g2_i2.p1	TRINITY_DN20807_c0_g1_i1.p1
3033	14	14	0.392	TRINITY_DN3907_c0_g1_i2.p1	TRINITY_DN14327_c0_g1_i5.p1	TRINITY_DN1787_c0_g1_i4.p1	TRINITY_DN12057_c0_g1_i1.p1	TRINITY_DN37011_c0_g1_i1.p1	TRINITY_DN3311_c1_g2_i1.p1	TRINITY_DN13429_c0_g1_i5.p1	TRINITY_DN22269_c1_g1_i5.p1	XP_005358003.1	TRINITY_DN3126_c0_g1_i2.p1	TRINITY_DN24776_c0_g1_i1.p1	TRINITY_DN30551_c0_g1_i1.p1	TRINITY_DN22092_c0_g1_i4.p1	TRINITY_DN19814_c0_g1_i1.p1
3034	14	14	0.391	TRINITY_DN5456_c0_g1_i3.p1	TRINITY_DN11092_c0_g1_i2.p1	TRINITY_DN8005_c0_g2_i2.p1	TRINITY_DN10284_c0_g1_i2.p1	TRINITY_DN1505_c0_g1_i3.p1	TRINITY_DN3728_c0_g1_i5.p1	TRINITY_DN1106_c0_g1_i5.p1	TRINITY_DN30629_c0_g1_i1.p1	XP_005367047.1	TRINITY_DN379_c0_g1_i1.p1	TRINITY_DN24503_c0_g1_i1.p1	TRINITY_DN4553_c0_g1_i2.p1	TRINITY_DN3549_c0_g1_i1.p1	TRINITY_DN1575_c0_g2_i1.p1
3035	14	14	0.391	TRINITY_DN9641_c0_g1_i4.p1	TRINITY_DN27515_c0_g1_i1.p1	TRINITY_DN3869_c0_g1_i1.p1	TRINITY_DN8571_c0_g1_i1.p1	TRINITY_DN36430_c0_g1_i1.p1	TRINITY_DN5714_c0_g1_i3.p1	TRINITY_DN4370_c0_g1_i2.p1	TRINITY_DN20030_c0_g2_i2.p1	XP_005361055.1	TRINITY_DN2650_c0_g3_i1.p1	TRINITY_DN8571_c0_g1_i1.p1	TRINITY_DN12043_c0_g1_i2.p1	TRINITY_DN3720_c0_g1_i1.p1	TRINITY_DN20896_c0_g1_i1.p1
3036	14	14	0.39	TRINITY_DN1117_c0_g1_i4.p1	TRINITY_DN2003_c0_g1_i3.p1	TRINITY_DN1083_c1_g2_i3.p1	TRINITY_DN15351_c0_g1_i1.p1	TRINITY_DN1952_c0_g1_i1.p1	TRINITY_DN2320_c0_g1_i2.p1	TRINITY_DN9839_c0_g1_i4.p1	TRINITY_DN8777_c0_g1_i3.p1	XP_005344266.1	TRINITY_DN16431_c0_g1_i1.p1	TRINITY_DN8249_c0_g1_i1.p1	TRINITY_DN15949_c0_g1_i1.p1	TRINITY_DN2686_c0_g1_i4.p1	TRINITY_DN4470_c0_g1_i1.p1
3037	14	14	0.39	TRINITY_DN1603_c0_g2_i4.p1	TRINITY_DN2028_c0_g2_i1.p1	TRINITY_DN1959_c0_g1_i1.p1	TRINITY_DN9221_c0_g1_i1.p1	TRINITY_DN2102_c0_g1_i1.p1	TRINITY_DN2592_c0_g2_i2.p1	TRINITY_DN2675_c0_g1_i1.p1	TRINITY_DN33895_c0_g1_i3.p1	XP_005357007.1	TRINITY_DN568_c0_g1_i1.p1	TRINITY_DN5283_c0_g1_i2.p1	TRINITY_DN8771_c1_g1_i3.p1	TRINITY_DN5125_c0_g1_i4.p1	TRINITY_DN1985_c0_g1_i2.p1
3038	14	14	0.389	TRINITY_DN27226_c0_g1_i2.p1	TRINITY_DN4894_c0_g1_i1.p1	TRINITY_DN3011_c0_g1_i3.p1	TRINITY_DN58_c1_g1_i1.p1	TRINITY_DN7343_c0_g1_i1.p1	TRINITY_DN67751_c0_g1_i1.p1	TRINITY_DN4770_c1_g1_i2.p1	TRINITY_DN3343_c1_g3_i1.p1	XP_026638084.1	TRINITY_DN10139_c0_g1_i1.p1	TRINITY_DN14799_c0_g1_i1.p1	TRINITY_DN87734_c0_g1_i1.p1	TRINITY_DN134240_c0_g1_i1.p1	TRINITY_DN22169_c0_g1_i1.p1
3039	14	14	0.387	TRINITY_DN1000_c4_g1_i2.p1	TRINITY_DN34662_c0_g1_i2.p1	TRINITY_DN6256_c0_g1_i1.p1	TRINITY_DN4987_c0_g1_i2.p1	TRINITY_DN1303_c0_g1_i1.p1	TRINITY_DN2764_c0_g1_i2.p1	TRINITY_DN8395_c0_g1_i8.p1	TRINITY_DN2285_c0_g1_i1.p1	XP_005362362.1	TRINITY_DN12016_c0_g1_i6.p1	TRINITY_DN27184_c0_g1_i1.p1	TRINITY_DN12340_c0_g1_i3.p1	TRINITY_DN1737_c0_g1_i3.p1	TRINITY_DN5286_c0_g1_i1.p1
3040	14	14	0.387	TRINITY_DN11043_c0_g1_i4.p1	TRINITY_DN19610_c0_g1_i1.p1	TRINITY_DN73276_c0_g1_i2.p1	TRINITY_DN5220_c0_g1_i1.p1	TRINITY_DN20162_c0_g2_i1.p1	TRINITY_DN7420_c0_g1_i1.p1	TRINITY_DN16306_c0_g1_i2.p1	TRINITY_DN5396_c0_g1_i2.p1	XP_013210597.1	TRINITY_DN8539_c1_g1_i1.p1	TRINITY_DN5569_c0_g1_i1.p1	TRINITY_DN6043_c1_g1_i2.p1	TRINITY_DN3948_c0_g1_i4.p1	TRINITY_DN6393_c0_g2_i1.p1
3041	14	14	0.387	TRINITY_DN143585_c0_g1_i1.p1	TRINITY_DN50289_c0_g1_i1.p1	TRINITY_DN139649_c0_g1_i1.p1	TRINITY_DN4209_c0_g1_i1.p1	TRINITY_DN6792_c0_g1_i1.p1	TRINITY_DN27010_c0_g1_i1.p1	TRINITY_DN87053_c1_g1_i1.p1	TRINITY_DN34061_c0_g1_i1.p1	XP_005351002.1	TRINITY_DN4281_c0_g1_i4.p1	TRINITY_DN3841_c0_g1_i1.p1	TRINITY_DN7502_c0_g1_i2.p1	TRINITY_DN135004_c1_g1_i1.p1	TRINITY_DN19448_c0_g1_i1.p1
3042	14	14	0.387	TRINITY_DN408_c6_g1_i1.p1	TRINITY_DN7008_c0_g1_i1.p1	TRINITY_DN8254_c0_g1_i6.p1	TRINITY_DN3165_c0_g1_i1.p1	TRINITY_DN2610_c0_g1_i1.p1	TRINITY_DN13337_c0_g1_i2.p1	TRINITY_DN8015_c1_g1_i2.p1	TRINITY_DN48_c3_g1_i2.p1	XP_005343774.1	TRINITY_DN42_c0_g1_i2.p1	TRINITY_DN5977_c0_g1_i1.p1	TRINITY_DN26605_c0_g2_i2.p1	TRINITY_DN3724_c0_g1_i4.p1	TRINITY_DN12051_c0_g1_i1.p1
3043	14	14	0.386	TRINITY_DN2354_c1_g1_i4.p1	TRINITY_DN40961_c0_g1_i12.p1	TRINITY_DN115954_c0_g1_i1.p1	TRINITY_DN9086_c0_g2_i1.p1	TRINITY_DN5867_c0_g1_i1.p1	TRINITY_DN335_c1_g2_i1.p1	TRINITY_DN4331_c1_g1_i10.p1	TRINITY_DN6661_c0_g1_i1.p1	XP_005348805.1	TRINITY_DN4189_c0_g1_i4.p1	TRINITY_DN6251_c0_g1_i1.p1	TRINITY_DN53946_c0_g1_i1.p1	TRINITY_DN137358_c0_g1_i1.p1	TRINITY_DN8889_c0_g1_i1.p1
3044	14	14	0.382	TRINITY_DN259_c0_g1_i2.p1	TRINITY_DN26706_c3_g1_i1.p1	TRINITY_DN4002_c0_g1_i1.p1	TRINITY_DN1400_c0_g1_i1.p1	TRINITY_DN1142_c3_g2_i1.p1	TRINITY_DN635_c1_g1_i1.p1	TRINITY_DN62_c4_g1_i1.p1	TRINITY_DN4179_c0_g1_i1.p1	XP_005370970.1	TRINITY_DN3934_c0_g3_i1.p1	TRINITY_DN613_c2_g1_i1.p1	TRINITY_DN5666_c5_g1_i1.p1	TRINITY_DN720_c71_g1_i1.p1	TRINITY_DN5794_c0_g6_i1.p1
3045	14	14	0.381	TRINITY_DN4840_c0_g1_i11.p1	TRINITY_DN59123_c0_g1_i1.p1	TRINITY_DN88289_c1_g1_i1.p1	TRINITY_DN1595_c0_g1_i1.p1	TRINITY_DN45061_c0_g1_i1.p1	TRINITY_DN1107_c0_g4_i1.p1	TRINITY_DN8774_c0_g1_i4.p1	TRINITY_DN1808_c0_g1_i1.p1	XP_005366580.1	TRINITY_DN436_c0_g1_i2.p1	TRINITY_DN26991_c0_g1_i1.p1	TRINITY_DN2177_c0_g1_i1.p1	TRINITY_DN2074_c0_g1_i1.p1	TRINITY_DN22461_c0_g1_i1.p1
3046	14	14	0.381	TRINITY_DN5550_c0_g1_i1.p1	TRINITY_DN33105_c0_g2_i2.p1	TRINITY_DN1209_c0_g1_i1.p1	TRINITY_DN2059_c0_g2_i2.p1	TRINITY_DN3_c2_g1_i4.p1	TRINITY_DN39469_c0_g2_i3.p1	TRINITY_DN15492_c0_g1_i1.p1	TRINITY_DN8220_c0_g1_i2.p1	XP_005359804.1	TRINITY_DN21720_c0_g1_i1.p1	TRINITY_DN1874_c0_g1_i1.p1	TRINITY_DN2760_c0_g1_i3.p1	TRINITY_DN1023_c0_g1_i2.p1	TRINITY_DN2260_c0_g1_i1.p1
3047	14	14	0.381	TRINITY_DN943_c36_g1_i1.p1	TRINITY_DN38362_c0_g1_i1.p1	TRINITY_DN1875_c0_g1_i22.p1	TRINITY_DN3432_c1_g2_i1.p1	TRINITY_DN2673_c2_g1_i1.p1	TRINITY_DN115_c1_g1_i1.p1	TRINITY_DN21473_c1_g1_i1.p1	TRINITY_DN3315_c0_g1_i1.p1	XP_005362361.1	TRINITY_DN9047_c0_g1_i1.p1	TRINITY_DN4939_c0_g1_i1.p1	TRINITY_DN1250_c1_g1_i1.p1	TRINITY_DN135_c1_g3_i1.p1	TRINITY_DN5872_c1_g2_i1.p1
3048	14	14	0.381	TRINITY_DN949_c0_g2_i2.p1	TRINITY_DN3563_c0_g1_i1.p1	TRINITY_DN1042_c1_g1_i1.p1	TRINITY_DN8566_c1_g1_i1.p1	TRINITY_DN18170_c0_g1_i1.p1	TRINITY_DN42792_c0_g3_i1.p1	TRINITY_DN1019_c0_g1_i1.p1	TRINITY_DN356_c0_g1_i2.p1	XP_005361993.1	TRINITY_DN1107_c0_g1_i1.p1	TRINITY_DN5982_c0_g1_i1.p1	TRINITY_DN728_c0_g1_i2.p1	TRINITY_DN15065_c0_g1_i4.p1	TRINITY_DN3413_c0_g1_i1.p1
3049	14	14	0.38	TRINITY_DN15544_c0_g1_i10.p1	TRINITY_DN3788_c0_g1_i2.p1	TRINITY_DN4303_c0_g1_i2.p1	TRINITY_DN671_c0_g1_i1.p1	TRINITY_DN5561_c0_g1_i3.p1	TRINITY_DN2993_c1_g1_i2.p1	TRINITY_DN2367_c0_g1_i12.p1	TRINITY_DN5734_c1_g1_i5.p1	XP_005356382.1	TRINITY_DN402_c0_g1_i2.p1	TRINITY_DN10167_c0_g5_i4.p1	TRINITY_DN2777_c0_g1_i1.p1	TRINITY_DN3658_c0_g3_i1.p1	TRINITY_DN3392_c0_g2_i2.p1
3050	14	14	0.379	TRINITY_DN8782_c0_g2_i2.p1	TRINITY_DN9806_c0_g1_i1.p1	TRINITY_DN6149_c0_g1_i3.p1	TRINITY_DN2679_c0_g1_i1.p1	TRINITY_DN5016_c0_g1_i3.p1	TRINITY_DN4255_c0_g1_i2.p1	TRINITY_DN997_c0_g1_i8.p1	TRINITY_DN2788_c0_g1_i5.p1	XP_005353356.1	TRINITY_DN14922_c0_g2_i3.p1	TRINITY_DN158_c1_g1_i2.p1	TRINITY_DN3234_c0_g1_i1.p1	TRINITY_DN1552_c0_g1_i2.p1	TRINITY_DN3840_c0_g1_i2.p1
3051	14	14	0.378	TRINITY_DN2192_c1_g1_i4.p1	TRINITY_DN42553_c0_g1_i1.p1	TRINITY_DN71484_c0_g1_i1.p1	TRINITY_DN11721_c0_g1_i1.p1	TRINITY_DN19822_c0_g1_i1.p1	TRINITY_DN27739_c1_g3_i2.p1	TRINITY_DN3737_c1_g1_i2.p1	TRINITY_DN5977_c0_g1_i1.p1	XP_005357230.1	TRINITY_DN8468_c0_g2_i1.p1	TRINITY_DN20084_c0_g1_i1.p1	TRINITY_DN8638_c0_g1_i1.p1	TRINITY_DN42170_c0_g1_i1.p1	TRINITY_DN22426_c0_g1_i1.p1
3052	14	14	0.378	TRINITY_DN5530_c0_g1_i1.p1	TRINITY_DN378_c0_g7_i1.p1	TRINITY_DN526_c0_g1_i1.p1	TRINITY_DN19347_c0_g1_i1.p1	TRINITY_DN2100_c4_g1_i1.p1	TRINITY_DN1439_c2_g1_i1.p1	TRINITY_DN1334_c0_g1_i9.p1	TRINITY_DN2919_c3_g1_i1.p1	XP_005371433.2	TRINITY_DN1224_c0_g1_i2.p1	TRINITY_DN2833_c0_g1_i1.p1	TRINITY_DN1230_c4_g1_i1.p1	TRINITY_DN312_c0_g1_i1.p1	TRINITY_DN258_c0_g1_i1.p1
3053	14	14	0.378	TRINITY_DN975_c0_g1_i1.p1	TRINITY_DN20468_c0_g1_i2.p1	TRINITY_DN4499_c0_g1_i3.p1	TRINITY_DN20634_c0_g1_i1.p1	TRINITY_DN7649_c0_g1_i2.p1	TRINITY_DN7004_c0_g1_i2.p1	TRINITY_DN2197_c0_g1_i1.p1	TRINITY_DN4692_c0_g1_i2.p1	XP_005363713.1	TRINITY_DN1406_c0_g1_i1.p1	TRINITY_DN9220_c0_g1_i3.p1	TRINITY_DN4426_c0_g1_i10.p1	TRINITY_DN65362_c0_g1_i2.p1	TRINITY_DN22796_c0_g1_i1.p1
3054	14	14	0.377	TRINITY_DN155_c1_g1_i3.p1	TRINITY_DN1286_c0_g1_i6.p1	TRINITY_DN1996_c1_g1_i4.p1	TRINITY_DN12755_c0_g1_i2.p1	TRINITY_DN2053_c0_g3_i4.p1	TRINITY_DN4110_c1_g1_i6.p1	TRINITY_DN2149_c0_g1_i7.p1	TRINITY_DN1496_c0_g1_i6.p1	XP_005350675.1	TRINITY_DN45_c0_g1_i1.p1	TRINITY_DN1398_c0_g1_i1.p1	TRINITY_DN1375_c0_g1_i1.p1	TRINITY_DN7155_c0_g1_i5.p1	TRINITY_DN9133_c0_g1_i1.p1
3055	14	14	0.377	TRINITY_DN7729_c1_g1_i1.p1	TRINITY_DN73_c0_g2_i1.p1	TRINITY_DN203_c2_g1_i2.p1	TRINITY_DN4458_c0_g1_i1.p1	TRINITY_DN2794_c0_g1_i1.p1	TRINITY_DN32_c0_g1_i2.p1	TRINITY_DN1274_c0_g1_i1.p1	TRINITY_DN1527_c0_g1_i2.p1	XP_013210352.2	TRINITY_DN10936_c0_g2_i2.p1	TRINITY_DN2838_c0_g1_i1.p1	TRINITY_DN2289_c1_g1_i1.p1	TRINITY_DN833_c0_g1_i5.p1	TRINITY_DN684_c0_g1_i1.p1
3056	14	14	0.376	TRINITY_DN207_c5_g2_i1.p1	TRINITY_DN13878_c0_g2_i1.p1	TRINITY_DN1790_c1_g1_i1.p1	TRINITY_DN343_c1_g2_i1.p1	TRINITY_DN1633_c0_g1_i2.p1	TRINITY_DN5188_c0_g1_i6.p1	TRINITY_DN8180_c0_g1_i7.p1	TRINITY_DN4703_c0_g1_i3.p1	XP_005361744.1	TRINITY_DN1110_c0_g1_i1.p1	TRINITY_DN33_c4_g1_i1.p1	TRINITY_DN5514_c0_g1_i1.p1	TRINITY_DN2232_c0_g1_i2.p1	TRINITY_DN14704_c0_g1_i1.p1
3057	14	14	0.376	TRINITY_DN2882_c0_g1_i7.p1	TRINITY_DN29203_c0_g1_i2.p1	TRINITY_DN2381_c2_g6_i1.p1	TRINITY_DN4394_c3_g2_i1.p1	TRINITY_DN2568_c3_g1_i1.p1	TRINITY_DN2072_c4_g1_i1.p1	TRINITY_DN12089_c1_g1_i3.p1	TRINITY_DN177_c5_g1_i2.p1	XP_005363280.1	TRINITY_DN24246_c0_g1_i1.p1	TRINITY_DN567_c0_g1_i2.p1	TRINITY_DN5459_c2_g1_i1.p1	TRINITY_DN1139_c0_g2_i1.p1	TRINITY_DN2597_c1_g1_i1.p1
3058	14	14	0.376	TRINITY_DN7993_c0_g1_i4.p1	TRINITY_DN3845_c0_g1_i8.p1	TRINITY_DN21825_c0_g1_i2.p1	TRINITY_DN2735_c0_g1_i3.p1	TRINITY_DN243_c0_g1_i2.p1	TRINITY_DN5167_c0_g1_i3.p1	TRINITY_DN7162_c0_g1_i5.p2	TRINITY_DN988_c0_g1_i3.p1	XP_005350014.1	TRINITY_DN22726_c0_g1_i1.p1	TRINITY_DN1178_c0_g1_i2.p1	TRINITY_DN5749_c0_g1_i2.p1	TRINITY_DN5445_c0_g1_i2.p1	TRINITY_DN406_c0_g1_i3.p1
3059	14	14	0.375	TRINITY_DN18411_c0_g1_i11.p1	TRINITY_DN54597_c0_g1_i1.p1	TRINITY_DN6610_c0_g1_i2.p1	TRINITY_DN3315_c0_g1_i2.p1	TRINITY_DN4523_c0_g1_i1.p1	TRINITY_DN6320_c0_g1_i2.p1	TRINITY_DN3263_c0_g1_i54.p1	TRINITY_DN2219_c0_g1_i1.p1	XP_005362849.1	TRINITY_DN17058_c0_g1_i1.p1	TRINITY_DN345_c0_g1_i3.p1	TRINITY_DN10367_c0_g1_i1.p1	TRINITY_DN5164_c0_g1_i2.p1	TRINITY_DN6249_c0_g1_i1.p1
3060	14	14	0.375	TRINITY_DN4130_c0_g2_i2.p1	TRINITY_DN43999_c0_g1_i1.p1	TRINITY_DN8059_c0_g1_i1.p1	TRINITY_DN5731_c0_g1_i2.p1	TRINITY_DN5458_c0_g1_i1.p1	TRINITY_DN5052_c0_g1_i2.p1	TRINITY_DN8192_c0_g1_i1.p1	TRINITY_DN33587_c0_g1_i1.p1	XP_005344209.1	TRINITY_DN4131_c0_g1_i1.p1	TRINITY_DN7910_c0_g1_i1.p1	TRINITY_DN1953_c0_g1_i1.p1	TRINITY_DN4412_c0_g1_i1.p1	TRINITY_DN6241_c2_g2_i1.p1
3061	14	14	0.372	TRINITY_DN3558_c0_g1_i3.p1	TRINITY_DN10185_c0_g1_i1.p1	TRINITY_DN9206_c0_g1_i5.p1	TRINITY_DN18978_c0_g1_i1.p2	TRINITY_DN5747_c0_g1_i1.p1	TRINITY_DN21086_c0_g2_i2.p1	TRINITY_DN15118_c0_g1_i5.p1	TRINITY_DN811_c1_g1_i2.p2	XP_005359126.1	TRINITY_DN6065_c0_g1_i3.p1	TRINITY_DN3887_c0_g1_i2.p2	TRINITY_DN56002_c1_g1_i1.p1	TRINITY_DN14305_c0_g1_i1.p1	TRINITY_DN623_c0_g1_i2.p1
3062	14	14	0.372	TRINITY_DN5737_c0_g1_i1.p1	TRINITY_DN54799_c0_g1_i1.p1	TRINITY_DN88519_c0_g1_i1.p1	TRINITY_DN5231_c0_g3_i1.p1	TRINITY_DN37063_c0_g1_i1.p1	TRINITY_DN3246_c0_g1_i1.p1	TRINITY_DN3601_c0_g2_i1.p1	TRINITY_DN7629_c0_g1_i1.p1	XP_005345703.1	TRINITY_DN455_c0_g1_i1.p1	TRINITY_DN9202_c0_g2_i2.p1	TRINITY_DN87876_c0_g1_i1.p1	TRINITY_DN3680_c0_g1_i1.p1	TRINITY_DN8459_c0_g2_i1.p1
3063	14	14	0.371	TRINITY_DN1886_c1_g1_i1.p1	TRINITY_DN21104_c0_g2_i1.p1	TRINITY_DN1284_c0_g1_i1.p1	TRINITY_DN2386_c0_g1_i1.p1	TRINITY_DN6329_c0_g1_i1.p1	TRINITY_DN76584_c0_g1_i1.p1	TRINITY_DN1182_c12_g1_i1.p1	TRINITY_DN33637_c0_g1_i1.p1	XP_005343908.1	TRINITY_DN932_c0_g2_i1.p1	TRINITY_DN2935_c0_g1_i1.p1	TRINITY_DN1489_c0_g1_i1.p1	TRINITY_DN2058_c0_g1_i1.p1	TRINITY_DN5463_c1_g3_i1.p1
3064	14	14	0.371	TRINITY_DN3754_c0_g1_i4.p1	TRINITY_DN2176_c0_g1_i2.p1	TRINITY_DN754_c0_g1_i1.p1	TRINITY_DN1416_c0_g1_i4.p1	TRINITY_DN12360_c0_g1_i4.p1	TRINITY_DN18762_c0_g2_i1.p1	TRINITY_DN2324_c0_g1_i2.p1	TRINITY_DN101_c0_g1_i2.p1	XP_005357790.1	TRINITY_DN348_c0_g2_i1.p1	TRINITY_DN8577_c0_g1_i2.p1	TRINITY_DN650_c0_g1_i1.p1	TRINITY_DN31178_c0_g2_i1.p1	TRINITY_DN1619_c0_g1_i2.p1
3065	14	14	0.369	TRINITY_DN433_c1_g2_i1.p2	TRINITY_DN2612_c0_g1_i1.p1	TRINITY_DN59001_c0_g1_i1.p1	TRINITY_DN3362_c1_g1_i1.p2	TRINITY_DN9952_c0_g1_i1.p1	TRINITY_DN18782_c0_g2_i1.p1	TRINITY_DN21883_c0_g1_i1.p2	TRINITY_DN6836_c0_g1_i1.p2	XP_005352345.1	TRINITY_DN29529_c0_g1_i1.p1	TRINITY_DN16003_c0_g1_i1.p2	TRINITY_DN56725_c0_g1_i1.p1	TRINITY_DN4875_c0_g1_i1.p1	TRINITY_DN9844_c0_g1_i1.p1
3066	14	14	0.369	TRINITY_DN5245_c0_g1_i3.p1	TRINITY_DN45695_c0_g1_i1.p1	TRINITY_DN863_c0_g1_i1.p1	TRINITY_DN11966_c0_g1_i1.p1	TRINITY_DN3472_c0_g1_i2.p1	TRINITY_DN49084_c0_g1_i3.p1	TRINITY_DN3187_c1_g1_i3.p1	TRINITY_DN4632_c0_g1_i1.p1	XP_005369102.1	TRINITY_DN12122_c0_g2_i2.p1	TRINITY_DN4761_c0_g1_i1.p1	TRINITY_DN162_c0_g1_i1.p1	TRINITY_DN846_c0_g1_i1.p1	TRINITY_DN963_c0_g1_i1.p1
3067	14	14	0.368	TRINITY_DN7180_c0_g1_i5.p1	TRINITY_DN37941_c0_g1_i2.p1	TRINITY_DN8759_c0_g1_i2.p1	TRINITY_DN7238_c0_g1_i1.p1	TRINITY_DN38082_c0_g1_i1.p1	TRINITY_DN4495_c0_g1_i1.p1	TRINITY_DN17168_c0_g2_i3.p1	TRINITY_DN2464_c1_g1_i1.p1	XP_005368145.1	TRINITY_DN1580_c1_g1_i2.p1	TRINITY_DN19540_c0_g1_i1.p1	TRINITY_DN63908_c0_g1_i1.p1	TRINITY_DN7141_c0_g1_i1.p1	TRINITY_DN2856_c0_g2_i1.p1
3068	14	14	0.367	TRINITY_DN1727_c2_g1_i8.p1	TRINITY_DN600_c0_g1_i1.p1	TRINITY_DN13188_c0_g1_i1.p1	TRINITY_DN6102_c0_g2_i2.p1	TRINITY_DN25804_c0_g1_i1.p1	TRINITY_DN6830_c3_g1_i1.p1	TRINITY_DN5739_c0_g1_i3.p1	TRINITY_DN5228_c0_g2_i2.p1	XP_005346877.1	TRINITY_DN4019_c0_g1_i4.p1	TRINITY_DN423_c4_g1_i2.p1	TRINITY_DN8806_c0_g1_i1.p1	TRINITY_DN14321_c0_g1_i2.p1	TRINITY_DN5161_c0_g1_i1.p1
3069	14	14	0.366	TRINITY_DN6929_c0_g1_i2.p1	TRINITY_DN2908_c0_g1_i1.p1	TRINITY_DN1694_c0_g1_i1.p1	TRINITY_DN19185_c0_g1_i1.p1	TRINITY_DN9941_c0_g1_i1.p1	TRINITY_DN2763_c3_g1_i1.p1	TRINITY_DN4112_c0_g1_i3.p1	TRINITY_DN6865_c0_g2_i1.p1	XP_005370021.1	TRINITY_DN950_c0_g2_i2.p1	TRINITY_DN7629_c0_g1_i1.p1	TRINITY_DN36335_c0_g1_i1.p1	TRINITY_DN5449_c0_g1_i2.p1	TRINITY_DN1015_c0_g1_i1.p1
3070	14	14	0.366	TRINITY_DN8109_c0_g1_i3.p1	TRINITY_DN50373_c0_g1_i1.p1	TRINITY_DN114400_c0_g1_i1.p1	TRINITY_DN2661_c0_g1_i1.p1	TRINITY_DN1396_c0_g1_i1.p1	TRINITY_DN183_c3_g1_i1.p1	TRINITY_DN4374_c0_g1_i1.p1	TRINITY_DN5110_c0_g1_i1.p1	XP_005365976.1	TRINITY_DN4025_c0_g1_i3.p1	TRINITY_DN2468_c0_g1_i1.p1	TRINITY_DN881_c0_g1_i1.p1	TRINITY_DN6175_c0_g1_i1.p1	TRINITY_DN19997_c0_g1_i1.p1
3071	14	14	0.366	TRINITY_DN8451_c10_g1_i1.p1	TRINITY_DN7806_c0_g1_i1.p1	TRINITY_DN4074_c0_g1_i1.p1	TRINITY_DN1765_c1_g1_i1.p1	TRINITY_DN23529_c0_g1_i1.p1	TRINITY_DN6396_c0_g1_i3.p1	TRINITY_DN4811_c0_g1_i1.p1	TRINITY_DN2480_c1_g1_i1.p1	XP_005363074.1	TRINITY_DN5018_c0_g1_i1.p1	TRINITY_DN7271_c1_g1_i1.p1	TRINITY_DN747_c0_g1_i1.p1	TRINITY_DN3150_c0_g1_i3.p1	TRINITY_DN22308_c0_g1_i2.p1
3072	14	14	0.363	TRINITY_DN520_c0_g2_i7.p1	TRINITY_DN43332_c0_g1_i1.p1	TRINITY_DN9576_c0_g2_i3.p1	TRINITY_DN10169_c0_g1_i3.p1	TRINITY_DN552_c0_g1_i10.p1	TRINITY_DN12702_c0_g1_i1.p1	TRINITY_DN4758_c0_g1_i1.p1	TRINITY_DN33620_c0_g1_i1.p1	XP_005362165.1	TRINITY_DN525_c0_g2_i3.p2	TRINITY_DN1740_c0_g2_i2.p1	TRINITY_DN40158_c0_g1_i2.p1	TRINITY_DN32385_c0_g1_i3.p1	TRINITY_DN120_c0_g1_i1.p1
3073	14	14	0.361	TRINITY_DN2459_c0_g1_i5.p1	TRINITY_DN43797_c0_g1_i1.p1	TRINITY_DN3746_c0_g1_i2.p1	TRINITY_DN7655_c0_g1_i1.p1	TRINITY_DN7587_c0_g1_i2.p1	TRINITY_DN49261_c0_g1_i7.p1	TRINITY_DN2008_c0_g1_i7.p1	TRINITY_DN2407_c0_g1_i3.p1	XP_005349969.1	TRINITY_DN12464_c0_g1_i3.p1	TRINITY_DN7669_c0_g1_i1.p1	TRINITY_DN56191_c0_g1_i1.p1	TRINITY_DN35933_c0_g1_i1.p1	TRINITY_DN16617_c0_g1_i1.p1
3074	14	14	0.36	TRINITY_DN889_c5_g1_i2.p1	TRINITY_DN63781_c0_g1_i1.p1	TRINITY_DN88078_c1_g1_i1.p1	TRINITY_DN20384_c0_g1_i1.p1	TRINITY_DN1565_c0_g1_i1.p1	TRINITY_DN76166_c0_g1_i1.p1	TRINITY_DN12969_c0_g1_i3.p1	TRINITY_DN30513_c0_g1_i1.p1	XP_005348170.1	TRINITY_DN67005_c0_g1_i1.p1	TRINITY_DN2311_c2_g1_i1.p1	TRINITY_DN7008_c1_g1_i2.p1	TRINITY_DN10935_c0_g2_i1.p1	TRINITY_DN567_c0_g1_i1.p1
3075	14	14	0.357	TRINITY_DN6856_c0_g1_i1.p1	TRINITY_DN20120_c0_g1_i1.p1	TRINITY_DN29812_c1_g1_i1.p1	TRINITY_DN16967_c0_g1_i1.p1	TRINITY_DN42476_c0_g1_i1.p1	TRINITY_DN10478_c0_g1_i2.p1	TRINITY_DN5342_c0_g1_i4.p1	TRINITY_DN3204_c0_g1_i1.p1	XP_005355110.1	TRINITY_DN418_c0_g1_i1.p1	TRINITY_DN10996_c0_g1_i1.p1	TRINITY_DN2187_c2_g1_i1.p1	TRINITY_DN2539_c0_g1_i1.p1	TRINITY_DN19537_c0_g1_i1.p1
3076	14	14	0.356	TRINITY_DN4728_c0_g1_i1.p1	TRINITY_DN5202_c1_g2_i1.p1	TRINITY_DN6637_c0_g1_i1.p1	TRINITY_DN4495_c0_g1_i2.p1	TRINITY_DN4080_c0_g2_i1.p1	TRINITY_DN67561_c0_g1_i1.p1	TRINITY_DN12365_c0_g1_i1.p1	TRINITY_DN34035_c0_g1_i1.p1	XP_005343226.1	TRINITY_DN4667_c0_g1_i1.p1	TRINITY_DN1223_c3_g5_i1.p1	TRINITY_DN6856_c0_g1_i1.p1	TRINITY_DN803_c0_g1_i1.p1	TRINITY_DN2380_c0_g1_i1.p1
3077	14	14	0.355	TRINITY_DN61_c0_g2_i2.p1	TRINITY_DN2507_c0_g2_i2.p1	TRINITY_DN1998_c0_g1_i1.p1	TRINITY_DN6242_c0_g1_i2.p1	TRINITY_DN3930_c0_g2_i2.p1	TRINITY_DN49395_c0_g2_i3.p1	TRINITY_DN1295_c1_g1_i1.p1	TRINITY_DN1809_c2_g1_i4.p1	XP_005344536.1	TRINITY_DN10427_c0_g1_i1.p1	TRINITY_DN9026_c0_g3_i2.p1	TRINITY_DN7689_c1_g1_i4.p1	TRINITY_DN2114_c0_g1_i1.p1	TRINITY_DN9969_c0_g1_i1.p1
3078	14	14	0.354	TRINITY_DN2232_c2_g1_i1.p1	TRINITY_DN3434_c0_g1_i1.p1	TRINITY_DN1711_c0_g1_i1.p1	TRINITY_DN1255_c2_g1_i1.p1	TRINITY_DN986_c4_g1_i1.p1	TRINITY_DN1343_c0_g1_i7.p1	TRINITY_DN10559_c1_g1_i1.p1	TRINITY_DN15473_c0_g1_i4.p1	XP_005345204.1	TRINITY_DN6857_c0_g1_i2.p1	TRINITY_DN27182_c0_g1_i1.p1	TRINITY_DN2237_c1_g1_i1.p1	TRINITY_DN8472_c0_g1_i1.p1	TRINITY_DN7802_c0_g1_i1.p1
3079	14	14	0.354	TRINITY_DN672_c2_g1_i3.p1	TRINITY_DN376_c0_g1_i1.p1	TRINITY_DN5632_c0_g1_i1.p1	TRINITY_DN20691_c0_g1_i1.p1	TRINITY_DN3213_c0_g1_i1.p1	TRINITY_DN3665_c0_g1_i1.p1	TRINITY_DN418_c0_g1_i4.p1	TRINITY_DN1040_c0_g1_i1.p1	XP_005366528.1	TRINITY_DN2307_c0_g1_i1.p1	TRINITY_DN2396_c0_g1_i1.p1	TRINITY_DN992_c0_g1_i1.p1	TRINITY_DN13383_c0_g2_i1.p1	TRINITY_DN6107_c0_g1_i1.p1
3080	14	14	0.353	TRINITY_DN1143_c4_g1_i1.p1	TRINITY_DN31591_c3_g1_i1.p1	TRINITY_DN3770_c1_g1_i2.p1	TRINITY_DN4950_c0_g1_i1.p1	TRINITY_DN4528_c1_g1_i2.p1	TRINITY_DN2171_c2_g1_i2.p1	TRINITY_DN5072_c12_g1_i1.p1	TRINITY_DN1411_c1_g1_i1.p1	XP_026639902.1	TRINITY_DN3986_c0_g5_i1.p1	TRINITY_DN9645_c1_g1_i1.p1	TRINITY_DN5531_c0_g1_i2.p1	TRINITY_DN4540_c0_g1_i4.p1	TRINITY_DN1282_c0_g2_i1.p1
3081	14	14	0.351	TRINITY_DN4797_c0_g2_i3.p1	TRINITY_DN64484_c0_g1_i1.p1	TRINITY_DN1798_c0_g1_i2.p1	TRINITY_DN20698_c0_g1_i1.p1	TRINITY_DN11885_c0_g1_i2.p1	TRINITY_DN5031_c0_g1_i4.p1	TRINITY_DN29437_c0_g1_i7.p1	TRINITY_DN34925_c0_g1_i1.p1	XP_026636589.1	TRINITY_DN9087_c0_g1_i1.p1	TRINITY_DN25013_c0_g1_i1.p1	TRINITY_DN3196_c0_g1_i1.p1	TRINITY_DN2086_c0_g1_i2.p1	TRINITY_DN18088_c0_g1_i2.p1
3082	14	14	0.351	TRINITY_DN4860_c0_g1_i2.p1	TRINITY_DN1589_c0_g1_i1.p1	TRINITY_DN141719_c0_g1_i1.p1	TRINITY_DN19015_c0_g1_i1.p1	TRINITY_DN3699_c0_g1_i1.p1	TRINITY_DN4832_c0_g2_i1.p1	TRINITY_DN2826_c0_g1_i1.p1	TRINITY_DN30455_c0_g1_i1.p1	XP_005351270.1	TRINITY_DN35_c0_g1_i2.p1	TRINITY_DN3340_c0_g1_i1.p1	TRINITY_DN87493_c0_g1_i1.p1	TRINITY_DN5348_c0_g1_i2.p1	TRINITY_DN22516_c0_g1_i1.p1
3083	14	14	0.35	TRINITY_DN1353_c1_g1_i12.p1	TRINITY_DN11101_c0_g1_i1.p1	TRINITY_DN88274_c0_g1_i1.p1	TRINITY_DN1918_c0_g1_i1.p1	TRINITY_DN7602_c0_g5_i4.p1	TRINITY_DN15053_c0_g1_i2.p1	TRINITY_DN603_c1_g1_i12.p1	TRINITY_DN1802_c0_g1_i1.p1	XP_005343461.1	TRINITY_DN467_c0_g4_i1.p1	TRINITY_DN24353_c0_g1_i1.p1	TRINITY_DN1653_c0_g1_i1.p1	TRINITY_DN4122_c0_g1_i2.p1	TRINITY_DN23055_c0_g1_i1.p1
3084	14	14	0.349	TRINITY_DN142_c2_g1_i1.p1	TRINITY_DN45722_c0_g1_i1.p1	TRINITY_DN101229_c1_g1_i1.p1	TRINITY_DN20438_c0_g1_i1.p1	TRINITY_DN2623_c0_g1_i1.p1	TRINITY_DN4144_c0_g1_i3.p1	TRINITY_DN641_c0_g2_i1.p1	TRINITY_DN896_c8_g1_i1.p1	XP_005351990.1	TRINITY_DN1932_c0_g1_i1.p1	TRINITY_DN4402_c0_g1_i1.p1	TRINITY_DN3061_c0_g1_i3.p1	TRINITY_DN3250_c0_g1_i1.p1	TRINITY_DN19812_c0_g1_i1.p1
3085	14	14	0.349	TRINITY_DN259_c2_g1_i2.p1	TRINITY_DN7687_c0_g1_i2.p1	TRINITY_DN140062_c0_g1_i1.p1	TRINITY_DN20967_c0_g1_i1.p1	TRINITY_DN4317_c1_g1_i1.p1	TRINITY_DN14242_c0_g1_i1.p1	TRINITY_DN10025_c0_g1_i1.p1	TRINITY_DN7799_c0_g1_i2.p1	XP_005345526.1	TRINITY_DN68_c0_g1_i1.p1	TRINITY_DN26881_c0_g1_i1.p1	TRINITY_DN30_c1_g1_i1.p1	TRINITY_DN10769_c0_g1_i1.p1	TRINITY_DN1714_c0_g1_i1.p1
3086	14	14	0.348	TRINITY_DN3170_c0_g1_i1.p1	TRINITY_DN63714_c0_g1_i1.p1	TRINITY_DN127028_c0_g1_i1.p1	TRINITY_DN19009_c0_g1_i1.p1	TRINITY_DN910_c0_g2_i1.p1	TRINITY_DN1913_c1_g2_i1.p1	TRINITY_DN5456_c0_g1_i1.p1	TRINITY_DN37_c0_g3_i1.p1	XP_005352755.1	TRINITY_DN2231_c0_g1_i1.p1	TRINITY_DN24590_c0_g1_i1.p1	TRINITY_DN71386_c0_g1_i1.p1	TRINITY_DN192519_c0_g1_i1.p1	TRINITY_DN4491_c0_g1_i1.p1
3087	14	14	0.345	TRINITY_DN18841_c0_g1_i2.p1	TRINITY_DN8520_c0_g1_i1.p1	TRINITY_DN7296_c0_g1_i6.p1	TRINITY_DN3904_c0_g1_i5.p1	TRINITY_DN10048_c0_g2_i3.p1	TRINITY_DN21479_c0_g2_i1.p1	TRINITY_DN758_c0_g1_i4.p1	TRINITY_DN6291_c0_g1_i1.p1	XP_005347329.1	TRINITY_DN980_c0_g3_i3.p1	TRINITY_DN2240_c0_g1_i2.p1	TRINITY_DN2977_c0_g1_i4.p1	TRINITY_DN48617_c0_g1_i1.p1	TRINITY_DN1090_c0_g1_i1.p1
3088	14	14	0.343	TRINITY_DN134_c3_g1_i1.p1	TRINITY_DN17387_c0_g1_i1.p1	TRINITY_DN12462_c0_g1_i1.p1	TRINITY_DN10055_c0_g1_i1.p1	TRINITY_DN4575_c0_g1_i1.p1	TRINITY_DN8223_c0_g2_i3.p1	TRINITY_DN2466_c0_g3_i3.p1	TRINITY_DN13764_c0_g1_i1.p1	XP_005353741.1	TRINITY_DN3009_c0_g1_i1.p1	TRINITY_DN5791_c0_g1_i3.p1	TRINITY_DN5367_c0_g1_i1.p1	TRINITY_DN4517_c0_g4_i1.p1	TRINITY_DN19853_c0_g1_i1.p1
3089	14	14	0.343	TRINITY_DN303_c5_g1_i1.p1	TRINITY_DN20511_c0_g1_i2.p1	TRINITY_DN9218_c0_g1_i2.p1	TRINITY_DN1732_c0_g1_i2.p1	TRINITY_DN1173_c0_g1_i2.p1	TRINITY_DN1162_c0_g1_i2.p1	TRINITY_DN0_c10_g1_i5.p1	TRINITY_DN2455_c0_g1_i4.p1	XP_005358955.1	TRINITY_DN3873_c0_g1_i3.p1	TRINITY_DN9_c0_g1_i11.p1	TRINITY_DN4501_c0_g1_i4.p1	TRINITY_DN1093_c0_g1_i3.p1	TRINITY_DN827_c0_g1_i1.p1
3090	14	14	0.34	TRINITY_DN3907_c4_g1_i1.p1	TRINITY_DN59451_c0_g1_i1.p1	TRINITY_DN2780_c0_g1_i1.p1	TRINITY_DN11060_c0_g1_i1.p1	TRINITY_DN1810_c1_g1_i1.p1	TRINITY_DN487_c1_g1_i2.p1	TRINITY_DN11871_c0_g1_i1.p1	TRINITY_DN51_c12_g1_i1.p1	XP_005353658.1	TRINITY_DN970_c0_g3_i1.p1	TRINITY_DN2391_c0_g1_i1.p1	TRINITY_DN6623_c0_g1_i1.p1	TRINITY_DN3928_c1_g1_i1.p1	TRINITY_DN1262_c0_g1_i1.p1
3091	14	14	0.339	TRINITY_DN3858_c1_g1_i1.p1	TRINITY_DN3032_c0_g1_i2.p1	TRINITY_DN9166_c0_g1_i11.p1	TRINITY_DN1543_c0_g1_i2.p1	TRINITY_DN34_c0_g1_i7.p1	TRINITY_DN1497_c0_g1_i2.p1	TRINITY_DN27665_c0_g1_i9.p1	TRINITY_DN4734_c0_g1_i2.p1	XP_005354240.1	TRINITY_DN53_c0_g1_i1.p1	TRINITY_DN3063_c0_g1_i1.p1	TRINITY_DN7103_c0_g1_i2.p1	TRINITY_DN1467_c0_g1_i1.p1	TRINITY_DN3052_c2_g2_i1.p1
3092	14	14	0.334	TRINITY_DN2775_c0_g1_i1.p1	TRINITY_DN3708_c0_g1_i1.p1	TRINITY_DN11965_c0_g1_i1.p1	TRINITY_DN2250_c0_g1_i2.p1	TRINITY_DN1757_c0_g1_i2.p1	TRINITY_DN9602_c0_g1_i1.p1	TRINITY_DN2777_c0_g1_i1.p1	TRINITY_DN1001_c0_g1_i2.p1	XP_005347612.1	TRINITY_DN4186_c0_g1_i4.p1	TRINITY_DN4073_c0_g1_i1.p1	TRINITY_DN903_c0_g1_i1.p1	TRINITY_DN1347_c0_g1_i1.p1	TRINITY_DN832_c0_g1_i1.p1
3093	14	14	0.331	TRINITY_DN4335_c0_g1_i3.p1	TRINITY_DN43772_c0_g1_i1.p1	TRINITY_DN126542_c0_g1_i1.p1	TRINITY_DN20945_c0_g1_i1.p1	TRINITY_DN9588_c0_g1_i2.p1	TRINITY_DN7291_c0_g1_i1.p1	TRINITY_DN7731_c0_g1_i13.p1	TRINITY_DN3754_c0_g1_i2.p1	XP_005367009.1	TRINITY_DN1864_c0_g1_i1.p1	TRINITY_DN21238_c0_g1_i1.p1	TRINITY_DN33420_c0_g1_i2.p1	TRINITY_DN7183_c0_g1_i1.p1	TRINITY_DN23133_c0_g1_i1.p1
3094	14	14	0.33	TRINITY_DN2727_c1_g1_i1.p1	TRINITY_DN3376_c0_g1_i1.p1	TRINITY_DN2200_c0_g1_i1.p1	TRINITY_DN570_c1_g1_i1.p1	TRINITY_DN2230_c0_g1_i3.p1	TRINITY_DN32192_c0_g4_i1.p1	TRINITY_DN9086_c0_g1_i9.p1	TRINITY_DN723_c0_g4_i2.p1	XP_005348103.1	TRINITY_DN1744_c0_g4_i1.p1	TRINITY_DN1468_c3_g1_i1.p1	TRINITY_DN1289_c0_g1_i1.p1	TRINITY_DN2699_c0_g1_i1.p1	TRINITY_DN13825_c1_g1_i1.p1
3095	14	14	0.327	TRINITY_DN5064_c0_g1_i6.p1	TRINITY_DN6223_c0_g1_i2.p1	TRINITY_DN1444_c0_g1_i15.p1	TRINITY_DN9156_c0_g1_i1.p1	TRINITY_DN357_c1_g1_i2.p1	TRINITY_DN64393_c0_g1_i5.p1	TRINITY_DN7103_c0_g1_i11.p1	TRINITY_DN2212_c0_g1_i1.p1	XP_005352087.1	TRINITY_DN4326_c0_g2_i2.p1	TRINITY_DN1016_c3_g1_i1.p1	TRINITY_DN6970_c0_g1_i2.p1	TRINITY_DN1729_c0_g1_i1.p1	TRINITY_DN3231_c0_g1_i1.p1
3096	14	14	0.326	TRINITY_DN10834_c0_g1_i1.p1	TRINITY_DN8827_c0_g1_i1.p1	TRINITY_DN7362_c0_g1_i1.p1	TRINITY_DN19107_c0_g1_i1.p1	TRINITY_DN3103_c0_g1_i1.p1	TRINITY_DN19678_c0_g3_i1.p1	TRINITY_DN4862_c0_g1_i4.p2	TRINITY_DN4457_c0_g1_i1.p1	XP_005354304.1	TRINITY_DN7644_c0_g1_i1.p1	TRINITY_DN5081_c0_g1_i1.p1	TRINITY_DN41448_c0_g2_i1.p1	TRINITY_DN5541_c0_g1_i1.p1	TRINITY_DN365_c0_g1_i1.p1
3097	14	14	0.326	TRINITY_DN2969_c0_g3_i3.p1	TRINITY_DN5572_c0_g1_i3.p1	TRINITY_DN399_c1_g1_i3.p1	TRINITY_DN2356_c0_g1_i2.p1	TRINITY_DN449_c0_g1_i1.p1	TRINITY_DN506_c0_g1_i2.p1	TRINITY_DN2975_c0_g1_i1.p1	TRINITY_DN10633_c0_g1_i3.p1	XP_013206812.1	TRINITY_DN9463_c0_g1_i2.p1	TRINITY_DN3971_c0_g1_i4.p1	TRINITY_DN2126_c0_g1_i1.p1	TRINITY_DN14320_c0_g1_i3.p1	TRINITY_DN3300_c0_g1_i2.p1
3098	14	14	0.325	TRINITY_DN31413_c0_g1_i3.p1	TRINITY_DN1880_c0_g1_i2.p1	TRINITY_DN101087_c0_g1_i1.p1	TRINITY_DN4795_c0_g1_i1.p1	TRINITY_DN8197_c0_g1_i2.p1	TRINITY_DN3293_c0_g1_i5.p1	TRINITY_DN3903_c0_g1_i11.p1	TRINITY_DN6902_c0_g1_i2.p1	XP_005361423.1	TRINITY_DN8818_c0_g1_i2.p1	TRINITY_DN8438_c0_g1_i5.p1	TRINITY_DN5056_c0_g1_i1.p1	TRINITY_DN10193_c0_g1_i1.p1	TRINITY_DN19868_c0_g1_i2.p1
3099	14	14	0.323	TRINITY_DN117_c4_g4_i1.p1	TRINITY_DN9858_c0_g1_i2.p1	TRINITY_DN2204_c0_g2_i1.p1	TRINITY_DN10_c0_g2_i1.p1	TRINITY_DN292_c2_g1_i2.p1	TRINITY_DN923_c1_g1_i1.p1	TRINITY_DN636_c0_g3_i1.p1	TRINITY_DN303_c0_g1_i4.p1	XP_005359169.1	TRINITY_DN2919_c0_g2_i2.p1	TRINITY_DN403_c2_g2_i1.p1	TRINITY_DN1357_c11_g1_i1.p1	TRINITY_DN1330_c0_g1_i1.p1	TRINITY_DN872_c0_g1_i1.p1
3100	14	14	0.322	TRINITY_DN1116_c7_g1_i1.p1	TRINITY_DN24618_c0_g1_i2.p1	TRINITY_DN3102_c0_g1_i1.p1	TRINITY_DN963_c0_g1_i1.p1	TRINITY_DN2183_c0_g1_i6.p1	TRINITY_DN5386_c0_g1_i5.p1	TRINITY_DN36_c15_g1_i1.p2	TRINITY_DN30631_c0_g1_i1.p1	XP_005343310.2	TRINITY_DN2759_c0_g1_i1.p1	TRINITY_DN2045_c0_g1_i1.p1	TRINITY_DN56219_c0_g1_i1.p1	TRINITY_DN101483_c0_g1_i1.p1	TRINITY_DN23142_c0_g1_i1.p1
3101	14	14	0.321	TRINITY_DN148178_c0_g1_i1.p1	TRINITY_DN43528_c0_g1_i1.p1	TRINITY_DN8716_c0_g1_i2.p1	TRINITY_DN15885_c0_g1_i1.p1	TRINITY_DN3126_c0_g1_i1.p1	TRINITY_DN67704_c0_g1_i1.p1	TRINITY_DN6320_c0_g1_i1.p1	TRINITY_DN925_c0_g1_i1.p1	XP_005350481.1	TRINITY_DN4323_c0_g1_i1.p1	TRINITY_DN5583_c0_g1_i1.p1	TRINITY_DN2167_c0_g1_i1.p1	TRINITY_DN99669_c0_g1_i1.p1	TRINITY_DN22845_c0_g1_i1.p1
3102	14	14	0.32	TRINITY_DN16661_c0_g1_i1.p1	TRINITY_DN381_c0_g1_i2.p1	TRINITY_DN1951_c0_g1_i1.p1	TRINITY_DN6889_c0_g1_i1.p1	TRINITY_DN4176_c0_g1_i1.p1	TRINITY_DN68041_c0_g1_i1.p1	TRINITY_DN12010_c0_g1_i2.p1	TRINITY_DN6266_c0_g1_i1.p1	XP_005352169.1	TRINITY_DN8453_c0_g2_i1.p1	TRINITY_DN4933_c0_g1_i4.p1	TRINITY_DN5408_c0_g1_i2.p1	TRINITY_DN4890_c0_g1_i1.p1	TRINITY_DN1100_c0_g1_i2.p1
3103	14	14	0.32	TRINITY_DN1886_c0_g1_i1.p1	TRINITY_DN384_c0_g1_i4.p1	TRINITY_DN5646_c0_g1_i2.p1	TRINITY_DN12360_c0_g1_i1.p1	TRINITY_DN1880_c0_g1_i2.p1	TRINITY_DN192_c0_g1_i3.p1	TRINITY_DN1120_c4_g1_i5.p1	TRINITY_DN4099_c0_g1_i1.p1	XP_005347016.1	TRINITY_DN5418_c0_g1_i1.p1	TRINITY_DN3634_c0_g1_i2.p1	TRINITY_DN2305_c0_g1_i2.p1	TRINITY_DN3830_c0_g1_i2.p1	TRINITY_DN22265_c0_g1_i1.p1
3104	14	14	0.32	TRINITY_DN4223_c1_g1_i2.p1	TRINITY_DN3161_c0_g1_i1.p1	TRINITY_DN1211_c0_g1_i1.p1	TRINITY_DN5893_c0_g1_i1.p1	TRINITY_DN7621_c0_g1_i1.p1	TRINITY_DN3509_c0_g1_i1.p1	TRINITY_DN94_c0_g1_i1.p1	TRINITY_DN4293_c0_g1_i4.p1	XP_005353762.1	TRINITY_DN6630_c0_g1_i1.p1	TRINITY_DN4168_c0_g1_i1.p1	TRINITY_DN1412_c0_g1_i1.p1	TRINITY_DN2718_c0_g1_i1.p1	TRINITY_DN10255_c0_g1_i1.p1
3105	14	14	0.318	TRINITY_DN266495_c0_g1_i1.p1	TRINITY_DN64591_c0_g1_i1.p1	TRINITY_DN133492_c0_g1_i1.p1	TRINITY_DN20445_c0_g1_i1.p1	TRINITY_DN4853_c0_g1_i1.p1	TRINITY_DN3794_c0_g1_i1.p1	TRINITY_DN3142_c0_g1_i1.p1	TRINITY_DN30497_c0_g1_i1.p1	XP_005366001.1	TRINITY_DN32410_c0_g1_i1.p2	TRINITY_DN7985_c0_g1_i1.p1	TRINITY_DN56521_c0_g1_i2.p1	TRINITY_DN7256_c0_g1_i1.p1	TRINITY_DN22371_c0_g1_i1.p1
3106	14	14	0.315	TRINITY_DN38981_c1_g1_i1.p1	TRINITY_DN40649_c0_g1_i1.p1	TRINITY_DN67439_c0_g2_i1.p1	TRINITY_DN5196_c0_g1_i1.p1	TRINITY_DN42519_c0_g1_i1.p1	TRINITY_DN68063_c0_g1_i1.p1	TRINITY_DN5310_c5_g1_i1.p1	TRINITY_DN6872_c2_g2_i1.p1	XP_005349801.1	TRINITY_DN41211_c0_g1_i1.p1	TRINITY_DN3774_c1_g1_i1.p1	TRINITY_DN10106_c0_g2_i1.p1	TRINITY_DN26669_c0_g1_i1.p1	TRINITY_DN5192_c0_g1_i1.p1
3107	14	14	0.315	TRINITY_DN4673_c1_g1_i17.p1	TRINITY_DN4606_c0_g1_i2.p1	TRINITY_DN6934_c0_g1_i1.p1	TRINITY_DN4415_c0_g1_i1.p1	TRINITY_DN3149_c0_g1_i2.p1	TRINITY_DN6267_c0_g1_i1.p1	TRINITY_DN16089_c0_g1_i18.p1	TRINITY_DN5191_c0_g1_i1.p1	XP_005351746.1	TRINITY_DN54591_c0_g1_i1.p1	TRINITY_DN2322_c0_g1_i1.p1	TRINITY_DN8781_c0_g1_i1.p1	TRINITY_DN4423_c0_g1_i1.p1	TRINITY_DN22464_c0_g1_i1.p1
3108	14	14	0.313	TRINITY_DN13239_c0_g1_i1.p1	TRINITY_DN37859_c0_g1_i1.p1	TRINITY_DN60045_c0_g1_i4.p1	TRINITY_DN2194_c0_g1_i1.p1	TRINITY_DN12695_c0_g1_i1.p1	TRINITY_DN7106_c0_g1_i2.p1	TRINITY_DN69468_c0_g1_i7.p1	TRINITY_DN4807_c0_g1_i2.p1	XP_005357260.1	TRINITY_DN13160_c0_g1_i2.p1	TRINITY_DN16819_c0_g1_i2.p1	TRINITY_DN58252_c0_g1_i2.p1	TRINITY_DN17054_c0_g1_i1.p1	TRINITY_DN19993_c0_g1_i1.p1
3109	14	14	0.313	TRINITY_DN3370_c0_g1_i7.p1	TRINITY_DN12848_c0_g1_i1.p1	TRINITY_DN89672_c0_g1_i1.p1	TRINITY_DN3974_c0_g1_i1.p1	TRINITY_DN2716_c0_g1_i1.p1	TRINITY_DN69487_c0_g1_i1.p1	TRINITY_DN26357_c0_g1_i3.p1	TRINITY_DN12856_c0_g1_i1.p1	XP_005357102.1	TRINITY_DN3098_c0_g1_i1.p1	TRINITY_DN6821_c0_g1_i1.p1	TRINITY_DN63193_c0_g1_i1.p1	TRINITY_DN16570_c0_g1_i2.p1	TRINITY_DN20515_c0_g1_i1.p1
3110	14	14	0.31	TRINITY_DN2434_c0_g1_i5.p1	TRINITY_DN5721_c0_g2_i4.p1	TRINITY_DN5821_c0_g2_i1.p1	TRINITY_DN11077_c0_g1_i2.p1	TRINITY_DN593_c1_g1_i6.p1	TRINITY_DN5880_c1_g1_i6.p1	TRINITY_DN170_c1_g3_i1.p1	TRINITY_DN15333_c0_g2_i1.p1	XP_005351923.1	TRINITY_DN2627_c1_g2_i2.p1	TRINITY_DN5289_c0_g2_i2.p1	TRINITY_DN56614_c0_g1_i1.p1	TRINITY_DN4577_c0_g1_i1.p1	TRINITY_DN391_c0_g1_i1.p1
3111	14	14	0.304	TRINITY_DN6318_c0_g1_i3.p1	TRINITY_DN786_c0_g1_i4.p1	TRINITY_DN9853_c0_g1_i3.p1	TRINITY_DN2812_c0_g1_i4.p2	TRINITY_DN148_c2_g1_i1.p1	TRINITY_DN176_c0_g1_i3.p1	TRINITY_DN26205_c0_g1_i6.p1	TRINITY_DN1095_c0_g1_i7.p1	XP_005346211.1	TRINITY_DN5864_c0_g1_i1.p1	TRINITY_DN1443_c0_g1_i3.p1	TRINITY_DN418_c1_g1_i2.p1	TRINITY_DN197_c0_g1_i2.p1	TRINITY_DN2536_c0_g1_i2.p1
3112	14	14	0.303	TRINITY_DN1727_c0_g1_i6.p1	TRINITY_DN388_c0_g3_i1.p1	TRINITY_DN141310_c0_g1_i1.p1	TRINITY_DN6952_c0_g1_i1.p1	TRINITY_DN6116_c0_g1_i2.p1	TRINITY_DN2357_c0_g3_i5.p1	TRINITY_DN2238_c1_g1_i1.p1	TRINITY_DN4995_c0_g1_i1.p1	XP_005354219.1	TRINITY_DN6760_c0_g1_i2.p1	TRINITY_DN22201_c0_g1_i1.p1	TRINITY_DN5341_c0_g1_i1.p1	TRINITY_DN13484_c0_g1_i6.p1	TRINITY_DN1011_c0_g1_i1.p1
3113	14	14	0.303	TRINITY_DN3_c6_g1_i2.p1	TRINITY_DN59325_c0_g1_i1.p1	TRINITY_DN89561_c0_g1_i1.p1	TRINITY_DN961_c0_g1_i1.p1	TRINITY_DN3137_c0_g1_i1.p1	TRINITY_DN9172_c0_g1_i1.p1	TRINITY_DN1163_c0_g1_i5.p1	TRINITY_DN3475_c0_g1_i1.p1	XP_005349705.1	TRINITY_DN3584_c0_g1_i1.p1	TRINITY_DN1091_c1_g1_i1.p1	TRINITY_DN743_c0_g1_i1.p1	TRINITY_DN7307_c0_g1_i1.p1	TRINITY_DN23242_c0_g1_i1.p1
3114	14	14	0.302	TRINITY_DN12586_c0_g1_i2.p1	TRINITY_DN41450_c0_g1_i1.p1	TRINITY_DN2282_c0_g1_i2.p1	TRINITY_DN6451_c2_g1_i1.p1	TRINITY_DN837_c0_g1_i1.p1	TRINITY_DN5341_c5_g1_i1.p1	TRINITY_DN7461_c0_g2_i4.p1	TRINITY_DN18241_c0_g1_i1.p1	XP_005355585.1	TRINITY_DN11267_c0_g1_i1.p1	TRINITY_DN21209_c0_g1_i1.p1	TRINITY_DN4981_c0_g1_i1.p1	TRINITY_DN294_c0_g1_i1.p1	TRINITY_DN2235_c1_g1_i1.p1
3115	14	14	0.302	TRINITY_DN17323_c0_g1_i4.p1	TRINITY_DN39506_c0_g1_i1.p1	TRINITY_DN114910_c0_g1_i2.p1	TRINITY_DN17166_c0_g1_i1.p1	TRINITY_DN36992_c0_g1_i1.p1	TRINITY_DN4614_c0_g1_i1.p1	TRINITY_DN1737_c1_g1_i1.p1	TRINITY_DN34512_c0_g1_i1.p1	XP_005351214.1	TRINITY_DN177_c0_g1_i1.p1	TRINITY_DN27533_c0_g1_i1.p1	TRINITY_DN55620_c0_g1_i1.p1	TRINITY_DN6427_c0_g1_i1.p1	TRINITY_DN12203_c0_g1_i4.p1
3116	14	14	0.302	TRINITY_DN3067_c0_g1_i2.p1	TRINITY_DN5290_c0_g1_i1.p1	TRINITY_DN3815_c0_g1_i1.p1	TRINITY_DN8880_c0_g1_i3.p1	TRINITY_DN47934_c0_g1_i1.p1	TRINITY_DN2903_c0_g1_i2.p1	TRINITY_DN4890_c1_g1_i2.p1	TRINITY_DN1414_c0_g1_i1.p1	XP_005364864.1	TRINITY_DN1925_c0_g2_i1.p1	TRINITY_DN3261_c0_g1_i1.p1	TRINITY_DN11261_c0_g1_i1.p1	TRINITY_DN3432_c0_g1_i1.p1	TRINITY_DN6150_c0_g1_i1.p1
3117	14	14	0.3	TRINITY_DN1713_c0_g1_i3.p1	TRINITY_DN1216_c0_g3_i2.p1	TRINITY_DN4961_c0_g1_i1.p1	TRINITY_DN15331_c0_g1_i2.p1	TRINITY_DN1512_c0_g2_i2.p1	TRINITY_DN3627_c0_g1_i6.p1	TRINITY_DN1943_c0_g1_i10.p1	TRINITY_DN1577_c0_g1_i1.p1	XP_005357847.1	TRINITY_DN3212_c0_g2_i1.p1	TRINITY_DN17810_c0_g1_i1.p1	TRINITY_DN3825_c0_g1_i2.p1	TRINITY_DN3135_c0_g1_i2.p1	TRINITY_DN20131_c0_g1_i1.p1
3118	14	14	0.299	TRINITY_DN2029_c1_g1_i2.p1	TRINITY_DN2141_c0_g1_i1.p1	TRINITY_DN1494_c1_g3_i2.p1	TRINITY_DN5445_c1_g2_i3.p1	TRINITY_DN1167_c4_g1_i1.p1	TRINITY_DN2405_c0_g1_i1.p1	TRINITY_DN265_c3_g2_i1.p1	TRINITY_DN584_c1_g1_i4.p1	XP_005361234.1	TRINITY_DN6488_c0_g1_i6.p1	TRINITY_DN671_c2_g2_i1.p1	TRINITY_DN4303_c0_g4_i2.p1	TRINITY_DN12817_c3_g2_i2.p1	TRINITY_DN6632_c3_g1_i1.p1
3119	14	14	0.297	TRINITY_DN40_c0_g2_i1.p1	TRINITY_DN9089_c0_g1_i1.p1	TRINITY_DN961_c0_g1_i2.p1	TRINITY_DN550_c0_g1_i1.p1	TRINITY_DN354_c1_g3_i1.p1	TRINITY_DN86_c0_g1_i1.p1	TRINITY_DN13_c0_g2_i1.p1	TRINITY_DN0_c0_g1_i4.p1	XP_005369679.1	TRINITY_DN5265_c0_g1_i3.p1	TRINITY_DN15229_c1_g1_i1.p1	TRINITY_DN4146_c0_g2_i2.p1	TRINITY_DN2273_c0_g2_i1.p1	TRINITY_DN22323_c0_g1_i1.p1
3120	14	14	0.296	TRINITY_DN1105_c0_g1_i2.p2	TRINITY_DN6012_c0_g1_i1.p1	TRINITY_DN77101_c0_g1_i1.p1	TRINITY_DN16101_c0_g1_i1.p1	TRINITY_DN48174_c0_g1_i1.p1	TRINITY_DN4719_c0_g1_i1.p1	TRINITY_DN4440_c0_g1_i1.p1	TRINITY_DN1715_c0_g2_i1.p1	XP_005357748.1	TRINITY_DN8575_c0_g1_i1.p1	TRINITY_DN10064_c0_g1_i1.p1	TRINITY_DN5646_c0_g1_i1.p1	TRINITY_DN154545_c1_g1_i1.p1	TRINITY_DN923_c0_g1_i1.p1
3121	14	14	0.295	TRINITY_DN4540_c1_g1_i4.p1	TRINITY_DN27371_c0_g1_i1.p1	TRINITY_DN20633_c0_g1_i1.p1	TRINITY_DN3931_c0_g1_i2.p1	TRINITY_DN7024_c0_g1_i1.p1	TRINITY_DN2947_c0_g1_i1.p1	TRINITY_DN6162_c2_g1_i1.p1	TRINITY_DN10739_c0_g1_i1.p1	XP_013208845.1	TRINITY_DN3278_c0_g1_i1.p1	TRINITY_DN9729_c0_g1_i1.p1	TRINITY_DN14908_c0_g1_i1.p1	TRINITY_DN192395_c0_g1_i1.p1	TRINITY_DN20382_c0_g1_i1.p1
3122	14	14	0.294	TRINITY_DN907_c1_g2_i2.p1	TRINITY_DN54531_c0_g1_i1.p1	TRINITY_DN2119_c0_g1_i2.p1	TRINITY_DN430_c0_g1_i1.p1	TRINITY_DN765_c0_g2_i2.p1	TRINITY_DN9336_c0_g1_i3.p1	TRINITY_DN11732_c0_g2_i1.p1	TRINITY_DN24604_c1_g1_i1.p1	XP_005365995.1	TRINITY_DN5529_c0_g1_i2.p1	TRINITY_DN24856_c0_g1_i1.p1	TRINITY_DN274_c0_g1_i9.p1	TRINITY_DN2180_c0_g1_i2.p1	TRINITY_DN469_c0_g1_i2.p1
3123	14	14	0.293	TRINITY_DN18478_c0_g1_i1.p1	TRINITY_DN10009_c0_g1_i1.p1	TRINITY_DN139603_c0_g1_i1.p1	TRINITY_DN13313_c0_g1_i1.p2	TRINITY_DN877_c0_g1_i1.p1	TRINITY_DN14446_c0_g1_i4.p1	TRINITY_DN7290_c1_g4_i2.p1	TRINITY_DN3046_c0_g1_i1.p1	XP_005349887.1	TRINITY_DN3218_c0_g1_i3.p2	TRINITY_DN8782_c0_g1_i3.p2	TRINITY_DN1369_c0_g1_i3.p1	TRINITY_DN4268_c0_g1_i2.p1	TRINITY_DN1873_c0_g1_i1.p1
3124	14	14	0.293	TRINITY_DN507_c0_g1_i16.p1	TRINITY_DN32866_c1_g1_i4.p1	TRINITY_DN664_c0_g1_i1.p1	TRINITY_DN6286_c0_g1_i4.p1	TRINITY_DN1063_c0_g1_i19.p1	TRINITY_DN1737_c0_g1_i21.p1	TRINITY_DN5061_c0_g1_i6.p1	TRINITY_DN1799_c0_g1_i6.p1	XP_005365683.1	TRINITY_DN7392_c0_g1_i1.p1	TRINITY_DN4191_c0_g1_i3.p1	TRINITY_DN460_c0_g1_i30.p1	TRINITY_DN1275_c0_g1_i13.p1	TRINITY_DN6668_c0_g1_i2.p1
3125	14	14	0.291	TRINITY_DN215_c9_g1_i2.p1	TRINITY_DN133_c5_g1_i1.p1	TRINITY_DN87779_c0_g1_i1.p1	TRINITY_DN3214_c0_g1_i1.p1	TRINITY_DN2096_c0_g1_i2.p1	TRINITY_DN5226_c0_g1_i2.p1	TRINITY_DN25928_c0_g1_i3.p1	TRINITY_DN34156_c0_g1_i1.p1	XP_005361351.1	TRINITY_DN157_c0_g1_i2.p1	TRINITY_DN6294_c0_g1_i1.p1	TRINITY_DN1278_c0_g1_i4.p1	TRINITY_DN1924_c0_g1_i1.p1	TRINITY_DN7466_c0_g1_i1.p1
3126	14	14	0.288	TRINITY_DN1234_c0_g2_i2.p1	TRINITY_DN34714_c0_g1_i1.p1	TRINITY_DN11982_c0_g1_i1.p1	TRINITY_DN4955_c0_g1_i1.p1	TRINITY_DN617_c3_g1_i2.p1	TRINITY_DN2007_c0_g1_i1.p1	TRINITY_DN751_c1_g1_i1.p1	TRINITY_DN4927_c1_g1_i1.p1	XP_005360164.1	TRINITY_DN4307_c0_g1_i4.p1	TRINITY_DN353_c0_g1_i1.p1	TRINITY_DN960_c0_g1_i1.p1	TRINITY_DN548_c0_g1_i1.p1	TRINITY_DN515_c0_g1_i1.p1
3127	14	14	0.285	TRINITY_DN271723_c0_g1_i1.p1	TRINITY_DN33078_c0_g1_i1.p1	TRINITY_DN101014_c0_g1_i1.p1	TRINITY_DN8918_c0_g1_i1.p1	TRINITY_DN2793_c0_g1_i1.p1	TRINITY_DN69095_c0_g1_i1.p1	TRINITY_DN5511_c0_g1_i1.p1	TRINITY_DN3849_c0_g1_i1.p1	XP_005353174.1	TRINITY_DN1232_c0_g1_i1.p1	TRINITY_DN6064_c0_g1_i1.p1	TRINITY_DN80416_c0_g1_i1.p1	TRINITY_DN124_c0_g1_i1.p1	TRINITY_DN23629_c0_g1_i1.p1
3128	14	14	0.284	TRINITY_DN18533_c0_g2_i1.p1	TRINITY_DN2357_c0_g1_i1.p1	TRINITY_DN139716_c0_g1_i1.p1	TRINITY_DN1548_c0_g1_i1.p1	TRINITY_DN867_c0_g1_i1.p1	TRINITY_DN4102_c0_g1_i1.p1	TRINITY_DN11326_c0_g2_i3.p1	TRINITY_DN30378_c0_g1_i1.p1	XP_005356323.1	TRINITY_DN254_c0_g1_i2.p1	TRINITY_DN2170_c0_g1_i1.p1	TRINITY_DN1464_c0_g1_i1.p1	TRINITY_DN192625_c0_g1_i1.p1	TRINITY_DN506_c0_g1_i1.p1
3129	14	14	0.282	TRINITY_DN1819_c0_g1_i3.p1	TRINITY_DN38108_c0_g1_i1.p1	TRINITY_DN8211_c0_g1_i1.p1	TRINITY_DN2074_c0_g1_i1.p1	TRINITY_DN7122_c0_g1_i7.p1	TRINITY_DN1020_c0_g1_i5.p1	TRINITY_DN4898_c1_g1_i3.p1	TRINITY_DN11105_c1_g1_i1.p1	XP_005346155.1	TRINITY_DN29773_c0_g1_i2.p1	TRINITY_DN44_c0_g2_i1.p1	TRINITY_DN12145_c0_g1_i1.p1	TRINITY_DN7175_c0_g1_i2.p1	TRINITY_DN4235_c0_g2_i1.p1
3130	14	14	0.28	TRINITY_DN16141_c0_g1_i2.p1	TRINITY_DN2315_c0_g1_i1.p1	TRINITY_DN10799_c0_g1_i2.p1	TRINITY_DN20429_c0_g1_i1.p1	TRINITY_DN1582_c0_g1_i1.p1	TRINITY_DN47736_c0_g1_i9.p1	TRINITY_DN4825_c0_g1_i84.p1	TRINITY_DN2950_c0_g1_i1.p1	XP_005354002.1	TRINITY_DN11179_c0_g1_i9.p1	TRINITY_DN9401_c0_g1_i1.p1	TRINITY_DN7363_c0_g1_i1.p1	TRINITY_DN7818_c0_g1_i3.p1	TRINITY_DN18705_c0_g1_i1.p1
3131	14	14	0.279	TRINITY_DN237_c0_g1_i1.p1	TRINITY_DN18109_c0_g2_i1.p1	TRINITY_DN9205_c0_g1_i1.p1	TRINITY_DN18974_c0_g1_i1.p1	TRINITY_DN4721_c0_g1_i1.p1	TRINITY_DN6095_c0_g1_i1.p1	TRINITY_DN4399_c0_g1_i5.p1	TRINITY_DN5604_c0_g1_i2.p1	XP_005360158.1	TRINITY_DN6910_c0_g2_i1.p1	TRINITY_DN12668_c0_g1_i1.p1	TRINITY_DN5524_c0_g1_i3.p1	TRINITY_DN2548_c0_g1_i1.p1	TRINITY_DN22147_c0_g1_i1.p1
3132	14	14	0.277	TRINITY_DN5128_c0_g1_i2.p1	TRINITY_DN14816_c0_g1_i1.p1	TRINITY_DN2112_c0_g1_i1.p1	TRINITY_DN20642_c0_g1_i1.p1	TRINITY_DN2026_c1_g1_i1.p1	TRINITY_DN1735_c0_g2_i2.p1	TRINITY_DN5737_c0_g2_i1.p1	TRINITY_DN33881_c0_g1_i1.p1	XP_005350609.1	TRINITY_DN5428_c0_g1_i1.p1	TRINITY_DN42_c0_g1_i1.p1	TRINITY_DN3911_c1_g1_i1.p1	TRINITY_DN2532_c0_g1_i1.p1	TRINITY_DN1397_c0_g1_i1.p1
3133	14	14	0.276	TRINITY_DN5508_c0_g1_i1.p1	TRINITY_DN7246_c0_g1_i1.p1	TRINITY_DN113655_c0_g1_i1.p1	TRINITY_DN3472_c0_g1_i1.p1	TRINITY_DN6327_c0_g3_i1.p1	TRINITY_DN76810_c0_g1_i1.p1	TRINITY_DN2831_c0_g1_i1.p1	TRINITY_DN2159_c0_g1_i1.p1	XP_005348525.1	TRINITY_DN113_c0_g1_i1.p1	TRINITY_DN15819_c0_g1_i1.p1	TRINITY_DN3399_c0_g2_i1.p1	TRINITY_DN1964_c0_g1_i2.p1	TRINITY_DN9000_c0_g1_i1.p1
3134	14	14	0.275	TRINITY_DN27484_c0_g1_i2.p1	TRINITY_DN2562_c0_g1_i2.p1	TRINITY_DN5073_c0_g1_i1.p1	TRINITY_DN5713_c0_g1_i1.p1	TRINITY_DN6233_c0_g2_i1.p1	TRINITY_DN4627_c0_g1_i2.p1	TRINITY_DN219269_c0_g1_i1.p1	TRINITY_DN7392_c0_g1_i1.p1	XP_005370163.1	TRINITY_DN695_c0_g1_i1.p1	TRINITY_DN6583_c0_g1_i1.p1	TRINITY_DN7745_c0_g1_i1.p1	TRINITY_DN4310_c1_g1_i2.p1	TRINITY_DN8036_c0_g1_i1.p1
3135	14	14	0.273	TRINITY_DN1_c10_g1_i1.p1	TRINITY_DN1745_c0_g1_i1.p1	TRINITY_DN5154_c1_g2_i1.p1	TRINITY_DN2536_c0_g1_i1.p1	TRINITY_DN47935_c0_g1_i1.p1	TRINITY_DN3766_c0_g1_i1.p1	TRINITY_DN6142_c0_g1_i1.p1	TRINITY_DN1029_c0_g1_i1.p1	XP_005362253.1	TRINITY_DN6883_c0_g2_i1.p1	TRINITY_DN4002_c0_g1_i1.p1	TRINITY_DN79393_c0_g1_i1.p1	TRINITY_DN26_c2_g1_i1.p1	TRINITY_DN22675_c0_g1_i1.p1
3136	14	14	0.273	TRINITY_DN634_c0_g1_i10.p1	TRINITY_DN225_c0_g1_i1.p1	TRINITY_DN63529_c0_g1_i1.p1	TRINITY_DN2272_c0_g1_i1.p1	TRINITY_DN586_c0_g2_i2.p1	TRINITY_DN143_c0_g1_i3.p1	TRINITY_DN4206_c1_g1_i3.p1	TRINITY_DN653_c0_g1_i1.p1	XP_005349780.1	TRINITY_DN3634_c0_g1_i2.p1	TRINITY_DN313_c1_g4_i8.p1	TRINITY_DN2237_c0_g1_i2.p1	TRINITY_DN6917_c0_g1_i2.p1	TRINITY_DN11510_c2_g1_i2.p1
3137	14	14	0.271	TRINITY_DN524_c3_g1_i1.p1	TRINITY_DN45732_c0_g1_i1.p1	TRINITY_DN139935_c0_g1_i1.p1	TRINITY_DN1015_c0_g1_i1.p1	TRINITY_DN1128_c0_g1_i1.p1	TRINITY_DN5967_c0_g1_i1.p1	TRINITY_DN10283_c0_g1_i1.p1	TRINITY_DN2885_c0_g1_i1.p1	XP_005351598.1	TRINITY_DN2792_c0_g2_i2.p1	TRINITY_DN1551_c0_g1_i1.p1	TRINITY_DN1267_c0_g1_i1.p1	TRINITY_DN9185_c0_g1_i1.p1	TRINITY_DN307_c0_g1_i1.p1
3138	14	14	0.27	TRINITY_DN22667_c0_g1_i1.p1	TRINITY_DN18694_c0_g1_i1.p1	TRINITY_DN15717_c0_g1_i1.p1	TRINITY_DN1405_c0_g2_i1.p1	TRINITY_DN3928_c0_g1_i1.p1	TRINITY_DN51113_c0_g1_i1.p1	TRINITY_DN1100_c0_g1_i1.p1	TRINITY_DN8718_c0_g1_i1.p1	XP_005353182.1	TRINITY_DN10948_c0_g1_i1.p1	TRINITY_DN1519_c0_g1_i1.p1	TRINITY_DN13313_c0_g2_i1.p1	TRINITY_DN5568_c0_g1_i2.p1	TRINITY_DN19708_c0_g1_i1.p1
3139	14	14	0.269	TRINITY_DN1545_c2_g1_i3.p1	TRINITY_DN38439_c0_g1_i1.p1	TRINITY_DN11962_c0_g1_i1.p1	TRINITY_DN2242_c0_g1_i3.p1	TRINITY_DN29902_c0_g1_i2.p1	TRINITY_DN13343_c0_g1_i2.p1	TRINITY_DN3898_c0_g2_i13.p1	TRINITY_DN4484_c0_g1_i1.p1	XP_005366727.1	TRINITY_DN604_c0_g1_i3.p1	TRINITY_DN3532_c0_g1_i1.p1	TRINITY_DN1294_c0_g1_i1.p1	TRINITY_DN6721_c0_g1_i2.p1	TRINITY_DN19721_c0_g1_i1.p1
3140	14	14	0.269	TRINITY_DN8809_c0_g1_i2.p1	TRINITY_DN11536_c0_g2_i1.p1	TRINITY_DN101935_c0_g1_i1.p1	TRINITY_DN1955_c0_g1_i1.p1	TRINITY_DN2325_c0_g1_i1.p1	TRINITY_DN5345_c0_g2_i1.p1	TRINITY_DN6118_c0_g1_i1.p1	TRINITY_DN2466_c0_g1_i1.p1	XP_005351086.1	TRINITY_DN27657_c0_g1_i1.p1	TRINITY_DN2921_c0_g1_i1.p1	TRINITY_DN95545_c0_g1_i1.p1	TRINITY_DN173175_c0_g1_i1.p1	TRINITY_DN23666_c0_g1_i1.p1
3141	14	14	0.265	TRINITY_DN3335_c0_g1_i1.p1	TRINITY_DN19624_c0_g1_i1.p1	TRINITY_DN139923_c0_g1_i1.p1	TRINITY_DN1542_c0_g2_i1.p1	TRINITY_DN9715_c0_g1_i1.p1	TRINITY_DN76451_c0_g1_i1.p1	TRINITY_DN1717_c1_g1_i2.p1	TRINITY_DN991_c1_g6_i1.p1	XP_005359780.1	TRINITY_DN10808_c0_g1_i1.p1	TRINITY_DN21562_c0_g1_i1.p1	TRINITY_DN71347_c0_g1_i1.p1	TRINITY_DN10504_c0_g1_i1.p1	TRINITY_DN4675_c0_g2_i1.p1
3142	14	14	0.265	TRINITY_DN6342_c0_g1_i6.p1	TRINITY_DN7000_c0_g1_i1.p1	TRINITY_DN272_c0_g1_i1.p1	TRINITY_DN460_c1_g1_i2.p1	TRINITY_DN40648_c0_g1_i1.p1	TRINITY_DN1022_c0_g1_i1.p1	TRINITY_DN3095_c1_g1_i1.p1	TRINITY_DN34540_c0_g1_i1.p1	XP_005370012.2	TRINITY_DN456_c0_g3_i1.p1	TRINITY_DN14_c2_g1_i1.p1	TRINITY_DN286_c1_g1_i1.p1	TRINITY_DN1070_c1_g1_i1.p1	TRINITY_DN901_c0_g1_i1.p1
3143	14	14	0.264	TRINITY_DN806_c0_g1_i2.p1	TRINITY_DN24_c0_g1_i2.p1	TRINITY_DN2619_c0_g1_i1.p1	TRINITY_DN9075_c0_g2_i2.p1	TRINITY_DN6248_c0_g1_i3.p1	TRINITY_DN4243_c0_g1_i3.p1	TRINITY_DN263_c3_g1_i18.p1	TRINITY_DN1470_c1_g1_i1.p1	XP_005350219.2	TRINITY_DN63_c0_g1_i3.p1	TRINITY_DN630_c2_g1_i2.p1	TRINITY_DN2963_c0_g1_i1.p1	TRINITY_DN2062_c0_g2_i1.p1	TRINITY_DN362_c0_g1_i1.p1
3144	14	14	0.263	TRINITY_DN906_c0_g1_i1.p1	TRINITY_DN28709_c0_g1_i1.p1	TRINITY_DN14905_c0_g1_i1.p1	TRINITY_DN2308_c0_g1_i1.p1	TRINITY_DN7579_c0_g1_i2.p1	TRINITY_DN3182_c8_g1_i1.p1	TRINITY_DN221_c10_g1_i4.p1	TRINITY_DN10650_c1_g1_i3.p1	XP_013203689.1	TRINITY_DN10937_c0_g1_i1.p1	TRINITY_DN5282_c0_g1_i1.p1	TRINITY_DN14422_c1_g1_i1.p1	TRINITY_DN1616_c1_g1_i3.p1	TRINITY_DN19720_c0_g1_i1.p1
3145	14	14	0.257	TRINITY_DN32801_c0_g1_i1.p1	TRINITY_DN54951_c0_g1_i1.p1	TRINITY_DN101045_c0_g1_i1.p1	TRINITY_DN1082_c5_g1_i1.p1	TRINITY_DN6320_c0_g1_i1.p1	TRINITY_DN11333_c0_g1_i1.p1	TRINITY_DN48125_c0_g1_i3.p1	TRINITY_DN1605_c0_g1_i1.p1	XP_005360019.1	TRINITY_DN3081_c0_g1_i1.p1	TRINITY_DN1876_c2_g1_i1.p1	TRINITY_DN71517_c0_g1_i1.p1	TRINITY_DN12838_c0_g1_i1.p1	TRINITY_DN3853_c0_g1_i1.p1
3146	14	14	0.255	TRINITY_DN1248_c0_g1_i28.p2	TRINITY_DN1172_c0_g1_i4.p1	TRINITY_DN688_c0_g1_i7.p1	TRINITY_DN715_c0_g1_i5.p1	TRINITY_DN726_c0_g1_i8.p1	TRINITY_DN1296_c0_g1_i21.p1	TRINITY_DN794_c0_g1_i2.p1	TRINITY_DN311_c0_g1_i19.p1	XP_005346356.1	TRINITY_DN3177_c0_g1_i1.p1	TRINITY_DN458_c0_g1_i4.p1	TRINITY_DN1311_c0_g1_i4.p1	TRINITY_DN1138_c0_g1_i16.p1	TRINITY_DN1993_c0_g1_i2.p1
3147	14	14	0.254	TRINITY_DN2346_c0_g1_i1.p1	TRINITY_DN10508_c0_g1_i1.p1	TRINITY_DN1903_c0_g1_i3.p1	TRINITY_DN12329_c0_g1_i1.p1	TRINITY_DN6123_c0_g2_i1.p1	TRINITY_DN4351_c0_g1_i2.p1	TRINITY_DN2558_c0_g1_i4.p1	TRINITY_DN2399_c0_g1_i1.p1	XP_005367032.1	TRINITY_DN15837_c0_g2_i3.p1	TRINITY_DN8502_c0_g1_i1.p1	TRINITY_DN4800_c0_g1_i2.p1	TRINITY_DN4106_c0_g1_i1.p1	TRINITY_DN19725_c0_g1_i1.p1
3148	14	14	0.252	TRINITY_DN329_c6_g1_i1.p1	TRINITY_DN565_c0_g2_i1.p1	TRINITY_DN140498_c0_g1_i1.p1	TRINITY_DN1253_c1_g1_i1.p1	TRINITY_DN3564_c0_g1_i1.p1	TRINITY_DN52528_c0_g1_i2.p1	TRINITY_DN46_c16_g1_i1.p1	TRINITY_DN34022_c0_g1_i1.p1	XP_005343781.1	TRINITY_DN6903_c0_g1_i1.p1	TRINITY_DN382_c0_g1_i1.p1	TRINITY_DN759_c0_g1_i1.p1	TRINITY_DN7493_c0_g1_i1.p1	TRINITY_DN6424_c0_g1_i1.p1
3149	14	14	0.246	TRINITY_DN2562_c0_g1_i3.p1	TRINITY_DN664_c0_g1_i3.p1	TRINITY_DN37172_c0_g1_i2.p1	TRINITY_DN307_c0_g1_i3.p1	TRINITY_DN7987_c0_g1_i5.p1	TRINITY_DN11367_c0_g1_i7.p1	TRINITY_DN5954_c2_g1_i8.p1	TRINITY_DN5740_c0_g1_i2.p1	XP_005371166.1	TRINITY_DN954_c0_g3_i1.p1	TRINITY_DN827_c0_g1_i1.p1	TRINITY_DN5041_c0_g1_i2.p1	TRINITY_DN1362_c0_g1_i2.p1	TRINITY_DN23285_c0_g1_i1.p1
3150	14	14	0.245	TRINITY_DN2116_c0_g1_i1.p1	TRINITY_DN59382_c0_g1_i1.p1	TRINITY_DN2966_c0_g1_i1.p1	TRINITY_DN5917_c1_g1_i1.p1	TRINITY_DN1484_c0_g1_i1.p1	TRINITY_DN3580_c0_g1_i5.p1	TRINITY_DN14301_c0_g2_i1.p1	TRINITY_DN55_c0_g1_i2.p1	XP_005357193.1	TRINITY_DN3417_c0_g1_i1.p1	TRINITY_DN417_c0_g2_i1.p1	TRINITY_DN6557_c0_g1_i1.p1	TRINITY_DN3861_c0_g1_i1.p1	TRINITY_DN12660_c0_g2_i1.p1
3151	14	14	0.245	TRINITY_DN8790_c0_g2_i3.p1	TRINITY_DN20492_c0_g1_i2.p1	TRINITY_DN5063_c2_g1_i1.p1	TRINITY_DN2752_c1_g3_i1.p1	TRINITY_DN2003_c7_g1_i1.p1	TRINITY_DN270_c0_g2_i1.p1	TRINITY_DN8350_c0_g1_i3.p1	TRINITY_DN22566_c0_g1_i2.p1	XP_005367996.1	TRINITY_DN5961_c0_g1_i1.p1	TRINITY_DN7952_c0_g1_i1.p1	TRINITY_DN9528_c2_g1_i4.p1	TRINITY_DN12942_c0_g4_i1.p1	TRINITY_DN20519_c0_g1_i1.p1
3152	14	14	0.244	TRINITY_DN6832_c0_g1_i1.p1	TRINITY_DN64170_c0_g1_i1.p1	TRINITY_DN2025_c0_g1_i1.p1	TRINITY_DN7070_c0_g1_i1.p1	TRINITY_DN10898_c0_g1_i1.p1	TRINITY_DN77361_c0_g1_i1.p1	TRINITY_DN3284_c0_g1_i1.p1	TRINITY_DN3713_c0_g1_i1.p1	XP_005357857.1	TRINITY_DN6469_c0_g1_i1.p1	TRINITY_DN12787_c0_g1_i1.p1	TRINITY_DN5369_c0_g1_i1.p1	TRINITY_DN66_c0_g1_i1.p1	TRINITY_DN18796_c0_g1_i1.p1
3153	14	14	0.243	TRINITY_DN5077_c0_g1_i3.p1	TRINITY_DN13689_c0_g1_i1.p1	TRINITY_DN102136_c0_g1_i1.p1	TRINITY_DN11251_c0_g1_i1.p1	TRINITY_DN1553_c0_g1_i1.p1	TRINITY_DN4007_c0_g1_i1.p1	TRINITY_DN231_c4_g1_i3.p1	TRINITY_DN34250_c0_g1_i1.p1	XP_005355575.1	TRINITY_DN2395_c0_g1_i7.p1	TRINITY_DN6560_c0_g1_i1.p1	TRINITY_DN933_c0_g1_i1.p1	TRINITY_DN5289_c0_g1_i1.p1	TRINITY_DN19862_c0_g1_i1.p1
3154	14	14	0.239	TRINITY_DN42582_c0_g1_i1.p1	TRINITY_DN60982_c0_g1_i1.p1	TRINITY_DN143007_c0_g1_i2.p1	TRINITY_DN18718_c0_g1_i1.p1	TRINITY_DN2061_c0_g1_i2.p1	TRINITY_DN2952_c0_g1_i3.p1	TRINITY_DN21035_c0_g1_i3.p1	TRINITY_DN2963_c0_g1_i2.p1	XP_005357262.1	TRINITY_DN4062_c0_g1_i2.p1	TRINITY_DN5889_c0_g1_i2.p1	TRINITY_DN3915_c0_g1_i1.p1	TRINITY_DN3636_c0_g1_i3.p1	TRINITY_DN3076_c0_g1_i2.p1
3155	14	14	0.233	TRINITY_DN22948_c1_g2_i6.p1	TRINITY_DN5000_c0_g1_i6.p1	TRINITY_DN577_c0_g1_i1.p1	TRINITY_DN13713_c0_g1_i1.p1	TRINITY_DN638_c0_g1_i1.p1	TRINITY_DN73_c0_g1_i2.p1	TRINITY_DN3622_c0_g1_i1.p1	TRINITY_DN2926_c0_g1_i4.p1	XP_005347622.1	TRINITY_DN6840_c0_g1_i1.p1	TRINITY_DN6628_c0_g1_i2.p1	TRINITY_DN3727_c0_g1_i2.p1	TRINITY_DN67774_c0_g1_i6.p1	TRINITY_DN2057_c0_g1_i1.p1
3156	14	14	0.233	TRINITY_DN3295_c0_g1_i3.p1	TRINITY_DN40553_c0_g1_i1.p1	TRINITY_DN6609_c0_g1_i2.p1	TRINITY_DN454_c3_g1_i1.p1	TRINITY_DN5665_c0_g1_i5.p1	TRINITY_DN13027_c1_g2_i2.p1	TRINITY_DN3366_c0_g1_i1.p1	TRINITY_DN162_c4_g1_i1.p1	XP_005357008.1	TRINITY_DN10691_c0_g1_i1.p1	TRINITY_DN9468_c0_g1_i1.p1	TRINITY_DN1028_c0_g1_i1.p1	TRINITY_DN14626_c0_g1_i1.p1	TRINITY_DN15716_c0_g1_i2.p1
3157	14	14	0.231	TRINITY_DN943_c9_g1_i1.p1	TRINITY_DN64119_c0_g1_i1.p1	TRINITY_DN128679_c0_g1_i1.p1	TRINITY_DN19153_c0_g1_i1.p1	TRINITY_DN3544_c0_g1_i2.p1	TRINITY_DN3597_c0_g2_i1.p1	TRINITY_DN189781_c0_g1_i1.p1	TRINITY_DN910_c0_g1_i1.p1	XP_005364286.1	TRINITY_DN303_c0_g1_i2.p1	TRINITY_DN1559_c0_g1_i1.p1	TRINITY_DN1460_c0_g1_i1.p1	TRINITY_DN2082_c0_g1_i1.p1	TRINITY_DN2288_c0_g1_i1.p1
3158	14	14	0.229	TRINITY_DN824_c0_g1_i1.p1	TRINITY_DN350_c0_g1_i1.p1	TRINITY_DN1286_c0_g1_i1.p1	TRINITY_DN778_c0_g1_i3.p1	TRINITY_DN669_c0_g1_i2.p1	TRINITY_DN760_c0_g1_i1.p1	TRINITY_DN38254_c0_g1_i1.p1	TRINITY_DN223_c0_g1_i1.p1	XP_005361280.1	TRINITY_DN16300_c0_g1_i2.p1	TRINITY_DN216_c0_g1_i2.p1	TRINITY_DN234_c0_g1_i2.p1	TRINITY_DN788_c0_g1_i1.p1	TRINITY_DN1055_c0_g1_i2.p1
3159	14	14	0.224	TRINITY_DN1235_c0_g2_i1.p1	TRINITY_DN1919_c0_g1_i1.p1	TRINITY_DN5202_c0_g1_i1.p1	TRINITY_DN122_c0_g2_i1.p1	TRINITY_DN3537_c0_g1_i2.p1	TRINITY_DN1408_c0_g1_i1.p1	TRINITY_DN288_c1_g3_i1.p1	TRINITY_DN33922_c0_g1_i1.p1	XP_005347831.1	TRINITY_DN2812_c0_g2_i1.p1	TRINITY_DN23532_c0_g1_i1.p1	TRINITY_DN63503_c0_g1_i1.p1	TRINITY_DN117052_c0_g1_i1.p1	TRINITY_DN19848_c0_g1_i1.p1
3160	14	14	0.224	TRINITY_DN1826_c0_g1_i1.p1	TRINITY_DN448_c0_g1_i1.p1	TRINITY_DN6869_c0_g1_i1.p1	TRINITY_DN6338_c0_g1_i1.p1	TRINITY_DN81_c26_g1_i1.p1	TRINITY_DN1241_c3_g1_i1.p1	TRINITY_DN1708_c1_g1_i1.p1	TRINITY_DN30812_c0_g1_i1.p1	XP_005369728.1	TRINITY_DN2548_c0_g1_i1.p1	TRINITY_DN1807_c0_g1_i1.p1	TRINITY_DN1814_c0_g1_i1.p1	TRINITY_DN332_c5_g1_i1.p1	TRINITY_DN4086_c0_g2_i1.p1
3161	14	14	0.221	TRINITY_DN473_c8_g1_i2.p1	TRINITY_DN47502_c0_g1_i1.p1	TRINITY_DN551_c0_g1_i1.p1	TRINITY_DN6909_c0_g1_i1.p1	TRINITY_DN3815_c0_g1_i2.p1	TRINITY_DN41064_c0_g2_i1.p1	TRINITY_DN15346_c0_g1_i2.p1	TRINITY_DN3289_c0_g1_i2.p1	XP_005359641.1	TRINITY_DN1115_c0_g1_i1.p1	TRINITY_DN1253_c0_g2_i2.p1	TRINITY_DN92_c0_g1_i1.p1	TRINITY_DN759_c0_g1_i1.p1	TRINITY_DN1889_c0_g1_i1.p1
3162	14	14	0.219	TRINITY_DN1520_c0_g1_i3.p1	TRINITY_DN336_c2_g1_i2.p1	TRINITY_DN1522_c0_g1_i4.p1	TRINITY_DN673_c0_g1_i1.p1	TRINITY_DN484_c0_g1_i1.p1	TRINITY_DN329_c0_g1_i1.p1	TRINITY_DN136_c8_g1_i1.p1	TRINITY_DN4717_c0_g2_i1.p1	XP_005372337.1	TRINITY_DN1473_c0_g1_i3.p1	TRINITY_DN1339_c0_g1_i1.p1	TRINITY_DN981_c0_g1_i2.p1	TRINITY_DN1322_c0_g1_i1.p1	TRINITY_DN1345_c0_g1_i1.p1
3163	14	14	0.217	TRINITY_DN40236_c0_g1_i1.p1	TRINITY_DN259_c0_g1_i3.p1	TRINITY_DN50289_c0_g1_i1.p1	TRINITY_DN20561_c0_g1_i1.p1	TRINITY_DN2511_c0_g1_i1.p1	TRINITY_DN2381_c0_g1_i1.p1	TRINITY_DN448_c2_g1_i2.p1	TRINITY_DN3581_c0_g1_i4.p1	XP_005344668.1	TRINITY_DN857_c0_g6_i2.p1	TRINITY_DN3159_c0_g1_i2.p1	TRINITY_DN33789_c0_g1_i1.p1	TRINITY_DN5729_c0_g1_i2.p1	TRINITY_DN2819_c0_g1_i1.p1
3164	14	14	0.215	TRINITY_DN9746_c1_g1_i2.p1	TRINITY_DN666_c0_g1_i1.p1	TRINITY_DN89155_c0_g1_i1.p1	TRINITY_DN1370_c0_g1_i1.p1	TRINITY_DN12721_c0_g1_i1.p1	TRINITY_DN17111_c0_g1_i1.p1	TRINITY_DN27869_c0_g1_i3.p1	TRINITY_DN2701_c0_g1_i1.p1	XP_005370537.1	TRINITY_DN2522_c0_g2_i1.p1	TRINITY_DN1691_c0_g1_i1.p1	TRINITY_DN71235_c0_g1_i1.p1	TRINITY_DN846_c0_g1_i2.p1	TRINITY_DN23120_c0_g1_i1.p1
3165	14	14	0.212	TRINITY_DN438_c1_g1_i3.p1	TRINITY_DN2229_c0_g1_i1.p1	TRINITY_DN126604_c0_g1_i1.p1	TRINITY_DN6273_c0_g2_i1.p1	TRINITY_DN6120_c0_g1_i1.p1	TRINITY_DN41898_c0_g1_i1.p1	TRINITY_DN3572_c0_g1_i2.p1	TRINITY_DN1371_c1_g1_i1.p1	XP_005356080.1	TRINITY_DN2872_c0_g1_i2.p1	TRINITY_DN3042_c0_g1_i1.p1	TRINITY_DN2320_c0_g1_i1.p1	TRINITY_DN173976_c0_g1_i1.p1	TRINITY_DN6127_c0_g1_i1.p1
3166	14	14	0.202	TRINITY_DN3441_c0_g1_i3.p1	TRINITY_DN11208_c0_g1_i2.p1	TRINITY_DN2149_c0_g2_i2.p1	TRINITY_DN5553_c0_g1_i1.p1	TRINITY_DN22330_c0_g1_i3.p1	TRINITY_DN3673_c0_g1_i2.p1	TRINITY_DN1137_c17_g1_i2.p1	TRINITY_DN3036_c0_g1_i2.p1	XP_005371647.1	TRINITY_DN4670_c0_g1_i1.p1	TRINITY_DN3611_c0_g1_i1.p1	TRINITY_DN1871_c0_g1_i1.p1	TRINITY_DN1497_c0_g1_i2.p1	TRINITY_DN1598_c0_g1_i1.p1
3167	14	14	0.199	TRINITY_DN3552_c0_g1_i2.p1	TRINITY_DN58973_c0_g1_i1.p1	TRINITY_DN76124_c1_g1_i1.p1	TRINITY_DN1893_c0_g1_i1.p1	TRINITY_DN18531_c1_g1_i1.p1	TRINITY_DN4088_c0_g1_i1.p1	TRINITY_DN6681_c0_g1_i2.p1	TRINITY_DN2777_c0_g1_i1.p1	XP_005360646.1	TRINITY_DN2637_c0_g2_i1.p1	TRINITY_DN6397_c0_g1_i1.p1	TRINITY_DN761_c0_g1_i1.p1	TRINITY_DN5312_c0_g1_i2.p1	TRINITY_DN6086_c0_g1_i1.p1
3168	14	14	0.173	TRINITY_DN5422_c1_g1_i1.p1	TRINITY_DN63608_c0_g1_i1.p1	TRINITY_DN2591_c0_g1_i1.p1	TRINITY_DN529_c0_g1_i1.p1	TRINITY_DN637_c0_g1_i4.p1	TRINITY_DN2451_c0_g1_i1.p1	TRINITY_DN15211_c0_g1_i1.p1	TRINITY_DN1245_c0_g1_i2.p1	XP_005344662.2	TRINITY_DN29475_c0_g1_i1.p1	TRINITY_DN4328_c0_g1_i1.p1	TRINITY_DN95952_c0_g1_i1.p1	TRINITY_DN137639_c0_g1_i1.p1	TRINITY_DN22233_c0_g1_i1.p1
3169	14	14	0.142	TRINITY_DN185663_c0_g1_i1.p1	TRINITY_DN20473_c0_g1_i1.p1	TRINITY_DN9589_c0_g1_i1.p1	TRINITY_DN20881_c0_g1_i1.p1	TRINITY_DN2560_c0_g1_i1.p1	TRINITY_DN76699_c0_g1_i1.p1	TRINITY_DN13201_c0_g1_i1.p1	TRINITY_DN2940_c1_g3_i1.p1	XP_005371000.2	TRINITY_DN58316_c0_g1_i1.p1	TRINITY_DN24525_c0_g1_i1.p1	TRINITY_DN71468_c0_g1_i1.p1	TRINITY_DN4605_c0_g1_i2.p1	TRINITY_DN22928_c0_g1_i1.p1
3170	14	14	0.0464	TRINITY_DN193_c0_g3_i3.p1	TRINITY_DN21142_c0_g1_i1.p1	TRINITY_DN101712_c0_g1_i1.p1	TRINITY_DN4196_c0_g1_i1.p1	TRINITY_DN37036_c0_g1_i1.p1	TRINITY_DN7573_c0_g1_i1.p1	TRINITY_DN7910_c0_g1_i3.p1	TRINITY_DN5223_c0_g1_i1.p1	XP_005363995.1	TRINITY_DN2452_c0_g1_i1.p1	TRINITY_DN1846_c0_g1_i1.p1	TRINITY_DN63067_c0_g1_i1.p1	TRINITY_DN6998_c1_g1_i1.p1	TRINITY_DN22942_c0_g1_i1.p1
3171	14	14	0.0215	TRINITY_DN10589_c0_g1_i3.p1	TRINITY_DN14078_c0_g1_i1.p1	TRINITY_DN11016_c0_g1_i16.p1	TRINITY_DN10931_c0_g4_i1.p1	TRINITY_DN5832_c0_g3_i1.p1	TRINITY_DN51373_c1_g2_i1.p1	TRINITY_DN2451_c0_g2_i1.p1	TRINITY_DN6608_c1_g2_i1.p1	XP_005372064.1	TRINITY_DN5739_c0_g1_i1.p1	TRINITY_DN292_c0_g1_i8.p1	TRINITY_DN1851_c5_g1_i1.p1	TRINITY_DN1520_c0_g2_i2.p1	TRINITY_DN2577_c0_g1_i6.p1
